primitive_step,updates,loss,hidden_grad_norms,q_state_variation,targets_completed,base_steps,option_steps,option_timeouts
800,0,,,,0,21,779,0
1600,0,,,,0,19,781,0
2400,0,,,,0,15,785,0
3200,0,,,,0,18,782,0
4000,0,,,,0,9,791,0
4800,0,,,,0,18,782,0
5600,0,,,,0,14,786,0
6400,0,,,,0,13,787,0
7200,0,,,,0,6,794,0
8000,0,,,,0,15,785,0
8800,38,2.620342254638672,"[0.24337242543697357, 0.36182868480682373]",0.02390720508992672,0,11,789,0
9600,122,1.8289635181427002,"[0.10270826518535614, 0.1887103170156479]",0.12127942591905594,0,9,791,0
10400,205,1.4593276977539062,"[0.37194564938545227, 0.45127326250076294]",0.18620289862155914,0,8,792,0
11200,295,1.5411617755889893,"[0.360044002532959, 0.4452301263809204]",0.3550227880477905,0,8,792,0
12000,397,1.4698262214660645,"[0.28624895215034485, 0.3515760004520416]",0.8023549914360046,0,18,782,0
12800,494,1.525091528892517,"[0.31933915615081787, 0.28308311104774475]",1.2309626340866089,0,15,785,0
13600,584,1.055180311203003,"[1.2286590337753296, 0.761846125125885]",1.2330573797225952,0,14,786,0
14400,681,1.2357163429260254,"[0.17426353693008423, 0.19722260534763336]",1.2545067071914673,0,15,785,0
15200,800,1.4147906303405762,"[0.7206652164459229, 0.5856539607048035]",1.3420523405075073,1,40,760,0
16000,900,1.2740273475646973,"[0.6945992112159729, 0.4252927303314209]",1.4096994400024414,0,21,779,0
16800,1003,2.0714550018310547,"[2.3086130619049072, 1.2211092710494995]",1.4372631311416626,0,23,777,0
17600,1094,1.2132787704467773,"[0.8999010324478149, 0.43128502368927]",1.1529172658920288,0,15,785,0
18400,1201,1.1640539169311523,"[1.463788628578186, 0.673738956451416]",1.3014841079711914,0,28,772,0
19200,1323,0.9771841764450073,"[0.9337785243988037, 0.4535464346408844]",1.427040696144104,0,42,758,0
20000,1456,0.9379132390022278,"[0.551166832447052, 0.2667972147464752]",1.5519956350326538,0,52,748,0
20800,1587,0.7881131768226624,"[1.6969720125198364, 0.5475851893424988]",1.5005664825439453,0,52,748,0
21600,1735,0.7426475286483765,"[0.40795332193374634, 0.319672554731369]",1.8437238931655884,0,69,731,0
22400,1873,0.8375710844993591,"[1.9634358882904053, 0.590461790561676]",1.9605712890625,0,59,741,0
23200,1990,0.6161280274391174,"[3.887219190597534, 1.0211129188537598]",2.026583671569824,0,35,765,0
24000,2131,0.48958396911621094,"[2.1035351753234863, 0.5429185628890991]",2.335747003555298,0,63,737,0
24800,2269,0.34365716576576233,"[1.2238024473190308, 0.38673123717308044]",2.5611770153045654,0,63,737,0
25600,2454,0.40035736560821533,"[4.174551963806152, 0.9997091293334961]",2.5817768573760986,1,115,685,0
26400,2732,0.3775603473186493,"[0.7255665063858032, 0.3827348053455353]",2.6661009788513184,1,216,584,0
27200,2982,0.3425101041793823,"[3.487881898880005, 0.796161949634552]",2.5305111408233643,1,191,609,0
28000,3292,0.3839930295944214,"[2.9672043323516846, 0.6547839045524597]",2.3222761154174805,1,257,543,0
28800,3620,0.8681893348693848,"[1.0555002689361572, 0.284082293510437]",3.2333662509918213,3,280,520,0
29600,4091,0.44169849157333374,"[1.6780307292938232, 0.36327189207077026]",3.033370018005371,5,435,365,0
30147,4501,0.5108027458190918,"[1.5156877040863037, 0.362812876701355]",2.8227884769439697,8,396,151,0
30947,4695,0.5885564088821411,"[2.5122060775756836, 0.6086360812187195]",3.0699517726898193,1,119,681,0
31747,5018,0.4936363399028778,"[1.40983247756958, 0.5031017065048218]",3.144562005996704,1,258,542,0
32547,5570,0.5168205499649048,"[1.2110095024108887, 0.3465658724308014]",3.2243518829345703,6,524,276,0
33347,6075,0.6035385131835938,"[3.081700086593628, 0.645744264125824]",3.0137298107147217,7,480,320,0
34147,6539,0.5954660773277283,"[3.138366460800171, 0.6416867971420288]",2.769763231277466,7,430,370,0
34947,6903,1.0555564165115356,"[3.613650321960449, 0.7896525263786316]",2.8007233142852783,1,319,481,0
35747,7452,0.29280492663383484,"[2.2933199405670166, 0.5225743055343628]",3.0077922344207764,7,520,280,0
36547,7958,0.35627368092536926,"[2.077505588531494, 0.4354460835456848]",2.7805988788604736,6,477,323,0
36944,8221,0.6357477903366089,"[4.544209957122803, 1.1278020143508911]",2.8311898708343506,8,249,148,0
37553,8560,0.5098735094070435,"[1.9749484062194824, 0.5487770438194275]",2.5571882724761963,8,310,299,0
38170,8954,1.1171988248825073,"[2.644036054611206, 0.6029856204986572]",2.9932525157928467,8,373,244,0
38832,9453,0.6533835530281067,"[3.471585512161255, 0.7007158994674683]",2.710022211074829,8,480,182,0
39632,9943,0.25538429617881775,"[3.5953261852264404, 0.7374348044395447]",3.011753797531128,6,458,342,0
40217,10340,1.0641024112701416,"[3.780592441558838, 0.8096668124198914]",2.7792108058929443,8,377,208,0
40983,10753,0.6494606733322144,"[2.7107908725738525, 0.5815539360046387]",3.054438352584839,8,370,396,0
41783,11090,0.7576479911804199,"[4.481276035308838, 0.8558692932128906]",2.8176069259643555,1,290,510,0
42277,11419,0.32742440700531006,"[4.62073278427124, 1.1357532739639282]",2.6851072311401367,8,314,180,0
43077,11900,0.5554851293563843,"[3.673832893371582, 0.7606013417243958]",2.5450258255004883,6,450,350,0
43323,12112,0.26178884506225586,"[4.312465190887451, 0.9737369418144226]",2.9519340991973877,8,207,39,0
44123,12653,1.0303807258605957,"[1.8308721780776978, 0.3568125069141388]",2.6874303817749023,6,513,287,0
44923,13141,0.7123277187347412,"[5.282235145568848, 1.248533010482788]",2.9383113384246826,6,460,340,0
45723,13511,0.6848545670509338,"[5.154164791107178, 1.0099619626998901]",2.806063413619995,6,330,470,0
46523,14017,0.23252010345458984,"[3.029863119125366, 0.7143928408622742]",3.0550267696380615,6,471,329,0
47084,14371,0.2222798764705658,"[2.20060658454895, 0.49260640144348145]",3.5477559566497803,8,330,231,0
47884,14788,0.6767815947532654,"[3.1325764656066895, 0.5445380210876465]",3.0768229961395264,5,370,430,0
48684,15170,0.7342382073402405,"[2.8474390506744385, 0.6495569944381714]",2.9782063961029053,6,328,472,0
49484,15392,0.5888347625732422,"[3.270308017730713, 0.4707719683647156]",3.0541765689849854,2,163,637,0
50284,15575,0.13875679671764374,"[4.208995819091797, 0.6819703578948975]",2.999384880065918,2,120,680,0
51084,15929,0.30139651894569397,"[7.7882819175720215, 1.7874006032943726]",3.273491144180298,1,305,495,0
51884,16138,0.6647053956985474,"[3.0403971672058105, 0.7135705947875977]",3.5032472610473633,2,147,653,0
52684,16472,1.1329344511032104,"[4.2091240882873535, 0.9471091032028198]",3.1411306858062744,1,281,519,0
53484,16671,0.372773677110672,"[3.5546534061431885, 0.8480243682861328]",3.3406031131744385,2,136,664,0
54284,16866,1.3165545463562012,"[9.55793285369873, 2.1990957260131836]",3.214916229248047,2,133,667,0
55084,17105,0.34556472301483154,"[2.069863796234131, 0.49572479724884033]",3.2596189975738525,2,180,620,0
55884,17487,0.17379724979400635,"[2.109130859375, 0.45496267080307007]",3.3324711322784424,1,332,468,0
56684,17857,0.6766059994697571,"[3.236393928527832, 0.615771472454071]",3.843579053878784,5,321,479,0
57484,18248,0.690657377243042,"[1.8976640701293945, 0.37882742285728455]",3.232790946960449,5,339,461,0
58284,18599,0.7119544744491577,"[5.935755252838135, 1.2193775177001953]",3.1292455196380615,5,298,502,0
59084,19074,0.4215061068534851,"[3.4323079586029053, 0.7293832898139954]",3.5226542949676514,6,432,368,0
59711,19435,0.6364840865135193,"[4.071039199829102, 0.9253289103507996]",3.5952224731445312,8,323,304,0
60000,19613,0.6277866363525391,"[2.7588605880737305, 0.504034698009491]",3.6227896213531494,4,165,124,0
