primitive_step,choice,option_id,exploration,epsilon,duration,reward_sum,discounted_reward,reason
0,0,,True,1.0,1,-0.10000000894069672,-0.20000000894069672,base_step
1,5,kinematic_control_E,True,0.9996833333333334,4,0.46928680688142776,0.35996687994162735,subgoal_reached
5,2,kinematic_control_B,True,0.9984166666666666,9,3.6986178755760193,3.3115556171987346,subgoal_reached
14,4,kinematic_control_D,True,0.9955666666666666,8,-3.7407624423503876,-3.7237788557543636,subgoal_reached
22,2,kinematic_control_B,True,0.9930333333333333,5,3.0888398587703705,2.9273191811542696,subgoal_reached
27,3,kinematic_control_C,True,0.9914499999999999,12,-4.44987228512764,-4.506812778145716,subgoal_reached
39,5,kinematic_control_E,True,0.98765,8,-3.0387780517339706,-3.1714439657780527,subgoal_reached
47,3,kinematic_control_C,True,0.9851166666666666,11,0.9218172430992126,1.0074399023035376,subgoal_reached
58,4,kinematic_control_D,True,0.9816333333333334,5,-0.37993909418582916,-0.5022563276517492,subgoal_reached
63,5,kinematic_control_E,True,0.98005,6,0.2627454102039337,0.24597216604405311,subgoal_reached
69,4,kinematic_control_D,True,0.97815,10,0.3596976697444916,-0.03155550147515787,subgoal_reached
79,5,kinematic_control_E,True,0.9749833333333333,5,-2.1789295710623264,-2.184585151235873,subgoal_reached
84,2,kinematic_control_B,True,0.9733999999999999,10,-0.05507040023803711,-0.5737690540114856,subgoal_reached
94,0,,True,0.9702333333333334,1,1.2776873111724854,1.1776873111724853,base_step
95,5,kinematic_control_E,True,0.9699166666666668,13,-4.576062887907028,-4.6440691926916315,subgoal_reached
108,0,,True,0.9658,1,0.8261633515357971,0.7261633515357971,base_step
109,1,kinematic_control_A,True,0.9654833333333334,10,-3.731441780924797,-3.676420534529798,subgoal_reached
119,3,kinematic_control_C,True,0.9623166666666667,5,0.8871504291892052,0.7517447588736867,subgoal_reached
124,0,,True,0.9607333333333333,1,0.6008793115615845,0.5008793115615845,base_step
125,0,,True,0.9604166666666667,1,0.4616718888282776,0.3616718888282776,base_step
126,5,kinematic_control_E,True,0.9601,5,-0.30974632501602173,-0.3618376026454605,subgoal_reached
131,2,kinematic_control_B,True,0.9585166666666667,10,1.2480610460042953,0.7144000410763686,subgoal_reached
141,1,kinematic_control_A,True,0.9553499999999999,13,-7.60906083881855,-7.402072555201377,subgoal_reached
154,4,kinematic_control_D,True,0.9512333333333334,7,5.485455214977264,5.214999508091141,subgoal_reached
161,1,kinematic_control_A,True,0.9490166666666667,6,-5.376353241503239,-5.248523042135508,subgoal_reached
167,0,,True,0.9471166666666667,1,-2.328218698501587,-2.428218698501587,base_step
168,3,kinematic_control_C,False,0.9468,10,2.109106183052063,1.5986752833519775,subgoal_reached
178,0,,True,0.9436333333333333,1,0.4314729571342468,0.33147295713424685,base_step
179,0,,True,0.9433166666666667,1,-0.13592097163200378,-0.2359209716320038,base_step
180,0,,True,0.943,1,-0.2035416215658188,-0.30354162156581876,base_step
181,0,,True,0.9426833333333333,1,-0.2181456983089447,-0.3181456983089447,base_step
182,1,kinematic_control_A,True,0.9423666666666667,13,-4.846656039357185,-4.530993592025947,subgoal_reached
195,2,kinematic_control_B,True,0.93825,6,5.551605194807053,5.287562140969186,subgoal_reached
201,1,kinematic_control_A,True,0.93635,12,-4.4008481949567795,-4.19768185029827,subgoal_reached
213,0,,True,0.9325500000000001,1,-0.6719214916229248,-0.7719214916229248,base_step
214,3,kinematic_control_C,True,0.9322333333333334,8,1.4652683809399605,1.2186778442594035,subgoal_reached
222,0,,True,0.9297000000000001,1,0.2039056122303009,0.1039056122303009,base_step
223,1,kinematic_control_A,True,0.9293833333333333,4,-2.1905457675457,-2.2475893535861973,subgoal_reached
227,4,kinematic_control_D,True,0.9281166666666667,11,0.9585467725992203,0.4542340537417262,subgoal_reached
238,0,,True,0.9246333333333333,1,0.609369158744812,0.509369158744812,base_step
239,3,kinematic_control_C,True,0.9243166666666667,11,-1.9997998923063278,-1.960569630928243,subgoal_reached
250,1,kinematic_control_A,True,0.9208333333333333,5,-2.8402901887893677,-2.8692099924865246,subgoal_reached
255,2,kinematic_control_B,True,0.91925,11,1.9029694199562073,1.2762080761122592,subgoal_reached
266,3,kinematic_control_C,True,0.9157666666666666,11,-3.066759154200554,-3.008607068083284,subgoal_reached
277,5,kinematic_control_E,True,0.9122833333333333,5,0.30952294915914536,0.2224365537204703,subgoal_reached
282,2,kinematic_control_B,True,0.9107000000000001,10,1.1263662278652191,0.6190263282474505,subgoal_reached
292,4,kinematic_control_D,True,0.9075333333333334,6,-1.1286530010402203,-1.1556801723130246,subgoal_reached
298,3,kinematic_control_C,True,0.9056333333333334,5,-0.954920269548893,-1.0323981544380945,subgoal_reached
303,5,kinematic_control_E,True,0.90405,2,-2.189936935901642,-2.2778014492988587,subgoal_reached
305,4,kinematic_control_D,True,0.9034166666666666,9,2.6020099818706512,2.234816538030721,subgoal_reached
314,2,kinematic_control_B,True,0.9005666666666666,13,-0.6483548060059547,-1.025902746648051,subgoal_reached
327,3,kinematic_control_C,True,0.89645,11,-5.656787410378456,-5.487608071322679,subgoal_reached
338,1,kinematic_control_A,True,0.8929666666666667,14,-2.955079898238182,-2.8229284591610218,subgoal_reached
352,4,kinematic_control_D,True,0.8885333333333334,7,4.869848072528839,4.596878876487679,subgoal_reached
359,5,kinematic_control_E,True,0.8863166666666666,6,-4.038191504776478,-3.9473926060168947,subgoal_reached
365,3,kinematic_control_C,True,0.8844166666666666,12,-1.5494809299707413,-2.0047941987486593,subgoal_reached
377,2,kinematic_control_B,True,0.8806166666666666,8,2.550458587706089,2.3071055564234135,subgoal_reached
385,1,kinematic_control_A,True,0.8780833333333333,11,-5.190139144659042,-4.846828308070056,subgoal_reached
396,2,kinematic_control_B,True,0.8746,8,3.1930195316672325,2.891635968460081,subgoal_reached
404,1,kinematic_control_A,True,0.8720666666666667,12,-3.9373943209648132,-3.7576847779791804,subgoal_reached
416,4,kinematic_control_D,True,0.8682666666666666,9,1.7630161792039871,1.400717881080524,subgoal_reached
425,0,,True,0.8654166666666667,1,0.8318631052970886,0.7318631052970886,base_step
426,0,,True,0.8651,1,0.5566176772117615,0.4566176772117615,base_step
427,2,kinematic_control_B,True,0.8647833333333333,3,1.1852124445140362,1.0807708337944002,subgoal_reached
430,0,,True,0.8638333333333333,1,-0.8868481516838074,-0.9868481516838074,base_step
431,4,kinematic_control_D,True,0.8635166666666667,9,-0.6694073751568794,-0.8725328397195969,subgoal_reached
440,5,kinematic_control_E,True,0.8606666666666666,6,-5.33502984046936,-5.275370349308922,subgoal_reached
446,3,kinematic_control_C,True,0.8587666666666666,10,0.815058633685112,0.5119687150490809,subgoal_reached
456,5,kinematic_control_E,True,0.8556,10,-2.1850610077381134,-2.366702643138822,subgoal_reached
466,0,,True,0.8524333333333334,1,1.015276312828064,0.915276312828064,base_step
467,3,kinematic_control_C,False,0.8521166666666667,9,-1.0612632483243942,-1.058001945282866,subgoal_reached
476,2,kinematic_control_B,True,0.8492666666666666,8,0.707058273255825,0.49517926012753155,subgoal_reached
484,1,kinematic_control_A,True,0.8467333333333333,12,-3.7428524047136307,-3.3776294605654806,subgoal_reached
496,0,,True,0.8429333333333333,1,-0.7544901967048645,-0.8544901967048645,base_step
497,3,kinematic_control_C,True,0.8426166666666667,5,0.49688129872083664,0.3487456262274873,subgoal_reached
502,5,kinematic_control_E,True,0.8410333333333333,5,0.6876288950443268,0.6244255146729029,subgoal_reached
507,3,kinematic_control_C,True,0.8394499999999999,11,-2.5375495553016663,-2.889141770831933,subgoal_reached
518,0,,True,0.8359666666666667,1,0.5852624177932739,0.48526241779327395,base_step
519,5,kinematic_control_E,True,0.83565,4,-0.2315073236823082,-0.3121822484253347,subgoal_reached
523,0,,True,0.8343833333333334,1,-1.3606724739074707,-1.4606724739074708,base_step
524,1,kinematic_control_A,True,0.8340666666666667,9,-0.28519944846630096,-0.4832611992413093,subgoal_reached
533,3,kinematic_control_C,False,0.8312166666666667,10,-1.2602263540029526,-1.5673338175721145,subgoal_reached
543,4,kinematic_control_D,True,0.82805,2,1.0273895859718323,0.9243631541728973,subgoal_reached
545,0,,True,0.8274166666666667,1,0.046378083527088165,-0.05362191647291184,base_step
546,4,kinematic_control_D,True,0.8271000000000001,6,0.7565707266330719,0.6068055500444398,subgoal_reached
552,2,kinematic_control_B,True,0.8252,6,-0.08785083517432213,-0.14818450300517597,subgoal_reached
558,3,kinematic_control_C,False,0.8233,12,-3.035748228430748,-3.111091303078458,subgoal_reached
570,2,kinematic_control_B,False,0.8195,11,2.8236896619200706,2.274040876440884,subgoal_reached
581,5,kinematic_control_E,True,0.8160166666666667,11,-5.326204940676689,-5.385915067878652,subgoal_reached
592,1,kinematic_control_A,True,0.8125333333333333,12,-4.519573777914047,-4.403490954994827,subgoal_reached
604,4,kinematic_control_D,True,0.8087333333333333,7,5.9742982387542725,5.675804717302093,subgoal_reached
611,2,kinematic_control_B,True,0.8065166666666667,4,-0.5306304581463337,-0.6014639131727814,subgoal_reached
615,4,kinematic_control_D,True,0.80525,10,-0.9944587051868439,-1.3154693433978975,subgoal_reached
625,0,,True,0.8020833333333333,1,-0.0864904373884201,-0.1864904373884201,base_step
626,1,kinematic_control_A,True,0.8017666666666666,6,-4.650112748146057,-4.577957633066294,subgoal_reached
632,2,kinematic_control_B,True,0.7998666666666667,10,3.115862637758255,2.5449243228367284,subgoal_reached
642,5,kinematic_control_E,True,0.7967000000000001,13,-4.656365692615509,-4.826890782502908,subgoal_reached
655,4,kinematic_control_D,True,0.7925833333333334,8,2.2001029774546623,2.0363731468228905,subgoal_reached
663,2,kinematic_control_B,True,0.79005,6,-1.2138159722089767,-1.2640826656199151,subgoal_reached
669,0,,True,0.78815,1,-1.6010150909423828,-1.701015090942383,base_step
670,3,kinematic_control_C,False,0.7878333333333333,11,-0.19863677397370338,-0.29794292100151487,subgoal_reached
681,5,kinematic_control_E,True,0.78435,10,-0.8133881688117981,-1.1607147217532714,subgoal_reached
691,0,,True,0.7811833333333333,1,0.4832894802093506,0.3832894802093506,base_step
692,3,kinematic_control_C,False,0.7808666666666667,10,-1.179905652999878,-1.2668187386237442,subgoal_reached
702,5,kinematic_control_E,True,0.7777000000000001,8,-3.7176977396011353,-3.7840240550314745,subgoal_reached
710,4,kinematic_control_D,True,0.7751666666666667,10,4.008319064974785,3.948744835564734,subgoal_reached
720,3,kinematic_control_C,False,0.772,3,-2.4199618697166443,-2.5000116268336776,subgoal_reached
723,5,kinematic_control_E,True,0.77105,4,-1.3515899777412415,-1.4306596218174996,subgoal_reached
727,3,kinematic_control_C,True,0.7697833333333334,11,-0.38844582438468933,-0.5071077690581055,subgoal_reached
738,5,kinematic_control_E,True,0.7663,8,-2.16711662709713,-2.3359627524592015,subgoal_reached
746,3,kinematic_control_C,True,0.7637666666666666,11,0.6530036367475986,0.7323893637051133,subgoal_reached
757,2,kinematic_control_B,True,0.7602833333333334,8,0.686042457818985,0.4708642727746922,subgoal_reached
765,5,kinematic_control_E,True,0.75775,11,-3.2898610532283783,-3.1697845656626633,subgoal_reached
776,3,kinematic_control_C,False,0.7542666666666668,7,0.45694445818662643,0.37783991610028944,subgoal_reached
783,0,,True,0.75205,1,-0.6825730204582214,-0.7825730204582214,base_step
784,2,kinematic_control_B,False,0.7517333333333334,8,1.8924722597002983,1.6216210714759063,subgoal_reached
792,1,kinematic_control_A,True,0.7492,8,-2.388306677341461,-2.3145642580058037,environment_truncated
800,2,kinematic_control_B,True,0.7466666666666667,7,4.248024694621563,3.9531461937261043,subgoal_reached
807,1,kinematic_control_A,True,0.74445,12,-5.6066672801971436,-5.400144275190493,subgoal_reached
819,2,kinematic_control_B,True,0.74065,9,2.9872020334005356,2.576114115210149,subgoal_reached
828,4,kinematic_control_D,True,0.7378,10,-0.5490879602730274,-0.5730321840198315,subgoal_reached
838,2,kinematic_control_B,False,0.7346333333333334,5,-0.8092106655240059,-0.8992965435325103,subgoal_reached
843,4,kinematic_control_D,False,0.73305,12,0.24772728234529495,-0.1178185218991338,subgoal_reached
855,2,kinematic_control_B,False,0.7292500000000001,9,-1.3258904293179512,-1.5643623170339866,subgoal_reached
864,0,,True,0.7263999999999999,1,1.2050787210464478,1.1050787210464477,base_step
865,4,kinematic_control_D,True,0.7260833333333333,11,-1.5812089089304209,-1.4299075542005935,subgoal_reached
876,1,kinematic_control_A,True,0.7226,6,-5.107336580753326,-5.0828145154547055,subgoal_reached
882,5,kinematic_control_E,True,0.7207,7,-0.042079076170921326,-0.2639910534059656,subgoal_reached
889,3,kinematic_control_C,True,0.7184833333333334,10,-0.33927883952856064,-0.37557570042110744,subgoal_reached
899,2,kinematic_control_B,True,0.7153166666666666,15,2.527986004948616,2.2078258203003585,subgoal_reached
914,5,kinematic_control_E,True,0.7105666666666667,2,-2.737189531326294,-2.8235398077964784,subgoal_reached
916,0,,True,0.7099333333333333,1,-1.1317596435546875,-1.2317596435546876,base_step
917,3,kinematic_control_C,True,0.7096166666666667,7,0.8410412669181824,0.6755589123923547,subgoal_reached
924,5,kinematic_control_E,True,0.7073999999999999,13,-2.709706947207451,-3.0501450163845876,subgoal_reached
937,1,kinematic_control_A,True,0.7032833333333334,10,-5.480539053678513,-5.3896213001731565,subgoal_reached
947,3,kinematic_control_C,True,0.7001166666666667,10,2.930072955787182,2.8662820109718177,subgoal_reached
957,2,kinematic_control_B,True,0.6969500000000001,9,1.4565644562244415,1.2237817481861049,subgoal_reached
966,4,kinematic_control_D,False,0.6940999999999999,10,0.9990444332361221,1.014700411925365,subgoal_reached
976,2,kinematic_control_B,False,0.6909333333333334,7,-1.9348935410380363,-2.034390782299868,subgoal_reached
983,1,kinematic_control_A,True,0.6887166666666666,12,-3.64317187666893,-3.3173673312068708,subgoal_reached
995,0,,True,0.6849166666666667,1,-1.3866087198257446,-1.4866087198257447,base_step
996,2,kinematic_control_B,False,0.6846,9,3.787856414914131,3.352934817724346,subgoal_reached
1005,4,kinematic_control_D,False,0.6817500000000001,10,0.5763214342296124,0.4826531356613487,subgoal_reached
1015,3,kinematic_control_C,True,0.6785833333333333,4,-3.331561863422394,-3.3899347216740847,subgoal_reached
1019,5,kinematic_control_E,True,0.6773166666666667,4,-2.786251723766327,-2.8458291516088843,subgoal_reached
1023,2,kinematic_control_B,True,0.67605,5,3.7537132650613785,3.530148803612851,subgoal_reached
1028,4,kinematic_control_D,False,0.6744666666666667,9,-0.5525793731212616,-0.4905403489900746,subgoal_reached
1037,2,kinematic_control_B,True,0.6716166666666666,6,-0.9007315188646317,-0.9841636558024537,subgoal_reached
1043,1,kinematic_control_A,True,0.6697166666666666,12,-4.206423543393612,-4.118404078958342,subgoal_reached
1055,3,kinematic_control_C,True,0.6659166666666667,9,-0.7199923098087311,-1.0482862152989274,subgoal_reached
1064,5,kinematic_control_E,True,0.6630666666666667,5,-0.8023830652236938,-0.8277182068469571,subgoal_reached
1069,2,kinematic_control_B,False,0.6614833333333333,10,2.2687610387802124,1.7052666065448654,subgoal_reached
1079,4,kinematic_control_D,False,0.6583166666666667,9,-1.1998801156878471,-1.2159006158466727,subgoal_reached
1088,2,kinematic_control_B,False,0.6554666666666666,6,0.8884320557117462,0.7854308547834944,subgoal_reached
1094,4,kinematic_control_D,False,0.6535666666666666,11,-0.5086120963096619,-0.7026294577995137,subgoal_reached
1105,2,kinematic_control_B,False,0.6500833333333332,9,-0.2595418691635132,-0.5488293286731293,subgoal_reached
1114,4,kinematic_control_D,False,0.6472333333333334,11,0.0009730048477649689,0.010049827867252253,subgoal_reached
1125,2,kinematic_control_B,False,0.64375,8,-2.5949165523052216,-2.708686510592998,subgoal_reached
1133,4,kinematic_control_D,False,0.6412166666666668,11,1.2375549972057343,1.2926859503651267,subgoal_reached
1144,2,kinematic_control_B,True,0.6377333333333334,7,-2.2472996413707733,-2.3409553196934225,subgoal_reached
1151,0,,True,0.6355166666666667,1,0.13547950983047485,0.03547950983047485,base_step
1152,4,kinematic_control_D,True,0.6352,11,0.4245705008506775,0.5060196758707295,subgoal_reached
1163,2,kinematic_control_B,False,0.6317166666666667,8,-1.146529659628868,-1.3082956349647974,subgoal_reached
1171,5,kinematic_control_E,True,0.6291833333333334,10,-2.7395490184426308,-2.7545865574073756,subgoal_reached
1181,2,kinematic_control_B,False,0.6260166666666668,5,0.5128898471593857,0.39347281565256176,subgoal_reached
1186,1,kinematic_control_A,True,0.6244333333333334,12,-4.149562656879425,-3.762019675127532,subgoal_reached
1198,2,kinematic_control_B,True,0.6206333333333334,9,3.3997035026550293,3.053509404015647,subgoal_reached
1207,4,kinematic_control_D,False,0.6177833333333334,11,0.06291696429252625,-0.0503908568270425,subgoal_reached
1218,0,,True,0.6143,1,-1.1437753438949585,-1.2437753438949586,base_step
1219,2,kinematic_control_B,False,0.6139833333333333,7,-0.9195992425084114,-1.0560921276664033,subgoal_reached
1226,3,kinematic_control_C,True,0.6117666666666666,13,-1.9795086309313774,-1.6658943386546672,subgoal_reached
1239,2,kinematic_control_B,False,0.60765,8,0.8598196804523468,0.6481181676967257,subgoal_reached
1247,4,kinematic_control_D,False,0.6051166666666667,10,1.2881571426987648,1.246732592425003,subgoal_reached
1257,2,kinematic_control_B,False,0.60195,9,-1.1914734989404678,-1.421703684268504,subgoal_reached
1266,5,kinematic_control_E,True,0.5991000000000001,11,-4.004862442612648,-3.911953598147476,subgoal_reached
1277,0,,True,0.5956166666666667,1,0.2294895350933075,0.1294895350933075,base_step
1278,2,kinematic_control_B,False,0.5953,3,0.7372239232063293,0.628050237852335,subgoal_reached
1281,3,kinematic_control_C,True,0.5943499999999999,11,-0.8211196027696133,-0.704479253371682,subgoal_reached
1292,2,kinematic_control_B,False,0.5908666666666668,9,0.2756880894303322,-0.010275356787478401,subgoal_reached
1301,0,,True,0.5880166666666667,1,1.0635994672775269,0.9635994672775269,base_step
1302,4,kinematic_control_D,False,0.5877000000000001,11,-0.9126390516757965,-0.7916864223045562,subgoal_reached
1313,2,kinematic_control_B,True,0.5842166666666667,8,-0.9117196574807167,-1.1015453860528401,subgoal_reached
1321,4,kinematic_control_D,False,0.5816833333333333,11,0.3913981765508652,0.425077285530037,subgoal_reached
1332,3,kinematic_control_C,True,0.5782,4,-3.555958092212677,-3.6148242300260067,subgoal_reached
1336,5,kinematic_control_E,True,0.5769333333333333,4,-1.8585891723632812,-1.9290514838459494,subgoal_reached
1340,0,,True,0.5756666666666667,1,-0.4420633614063263,-0.5420633614063263,base_step
1341,3,kinematic_control_C,True,0.5753499999999999,9,1.5863513723015785,1.5110003143164827,subgoal_reached
1350,2,kinematic_control_B,False,0.5725,10,0.9288054704666138,0.5429181266722022,subgoal_reached
1360,5,kinematic_control_E,True,0.5693333333333334,11,-3.822625979781151,-3.804090197058806,subgoal_reached
1371,2,kinematic_control_B,True,0.56585,4,1.2748107761144638,1.159470400263667,subgoal_reached
1375,4,kinematic_control_D,False,0.5645833333333334,10,1.3023433685302734,1.3173055349024485,subgoal_reached
1385,5,kinematic_control_E,True,0.5614166666666667,6,-4.605803728103638,-4.611000902855441,subgoal_reached
1391,2,kinematic_control_B,False,0.5595166666666667,10,4.272722817957401,3.944784419256709,subgoal_reached
1401,3,kinematic_control_C,True,0.5563499999999999,9,-5.992172829806805,-6.0492291074486175,subgoal_reached
1410,4,kinematic_control_D,True,0.5535,2,1.2952460050582886,1.1894921493530273,subgoal_reached
1412,2,kinematic_control_B,True,0.5528666666666667,4,1.6261965110898018,1.5100271157812402,subgoal_reached
1416,1,kinematic_control_A,True,0.5516000000000001,11,-3.852536991238594,-3.7480685107244667,subgoal_reached
1427,5,kinematic_control_E,True,0.5481166666666667,9,-1.7533614933490753,-2.0566452737148535,subgoal_reached
1436,4,kinematic_control_D,True,0.5452666666666667,9,2.908310830593109,2.8044837501938336,subgoal_reached
1445,2,kinematic_control_B,False,0.5424166666666667,15,1.3963678032159805,0.9160329771535222,subgoal_reached
1460,4,kinematic_control_D,False,0.5376666666666666,9,-4.01737317442894,-4.12500865372838,subgoal_reached
1469,2,kinematic_control_B,False,0.5348166666666666,6,0.9657682180404663,0.8892604248330532,subgoal_reached
1475,4,kinematic_control_D,True,0.5329166666666666,10,-0.8397873044013977,-1.1687214649203939,subgoal_reached
1485,2,kinematic_control_B,False,0.5297499999999999,5,-1.6324027329683304,-1.6839282874938633,subgoal_reached
1490,4,kinematic_control_D,False,0.5281666666666668,11,1.1326428651809692,0.7517898393587986,subgoal_reached
1501,2,kinematic_control_B,False,0.5246833333333334,8,-2.666558228433132,-2.783925076146525,subgoal_reached
1509,4,kinematic_control_D,False,0.52215,12,1.016899086534977,1.1697251888128415,subgoal_reached
1521,0,,True,0.51835,1,-0.8187947273254395,-0.9187947273254394,base_step
1522,2,kinematic_control_B,True,0.5180333333333333,5,-0.21639756113290787,-0.3293527567283362,subgoal_reached
1527,4,kinematic_control_D,False,0.51645,12,-0.11953695863485336,-0.20851987333632996,subgoal_reached
1539,2,kinematic_control_B,True,0.5126499999999999,9,-0.2442813366651535,-0.5408188219628066,subgoal_reached
1548,4,kinematic_control_D,False,0.5098,12,-1.2940629795193672,-1.1652559884818194,subgoal_reached
1560,2,kinematic_control_B,True,0.506,8,-0.485176719725132,-0.6958823878517483,subgoal_reached
1568,0,,True,0.5034666666666667,1,0.8698003888130188,0.7698003888130188,base_step
1569,5,kinematic_control_E,True,0.50315,11,-4.704477392137051,-4.514886638106231,subgoal_reached
1580,2,kinematic_control_B,False,0.4996666666666667,5,2.194608546793461,2.0205457369585678,subgoal_reached
1585,4,kinematic_control_D,False,0.4980833333333333,11,0.7736275643110275,0.7655940313949505,subgoal_reached
1596,3,kinematic_control_C,True,0.49459999999999993,4,-3.2873340845108032,-3.347131907199681,environment_truncated
1600,4,kinematic_control_D,True,0.4933333333333333,6,2.3411479368805885,2.143398007970355,subgoal_reached
1606,5,kinematic_control_E,True,0.49143333333333333,6,-2.6226699501276016,-2.559266145749015,subgoal_reached
1612,2,kinematic_control_B,False,0.4895333333333333,10,1.395191878080368,0.7916705906809857,subgoal_reached
1622,4,kinematic_control_D,False,0.48636666666666667,10,-1.5864932760596275,-1.5513154986608617,subgoal_reached
1632,2,kinematic_control_B,False,0.4831999999999999,6,1.3953507840633392,1.2909297273535785,subgoal_reached
1638,4,kinematic_control_D,False,0.48129999999999995,11,-0.7125294059514999,-0.9225969946867377,subgoal_reached
1649,2,kinematic_control_B,False,0.47781666666666667,8,-1.2796157896518707,-1.4675632803634078,subgoal_reached
1657,5,kinematic_control_E,True,0.4752833333333333,12,-4.030272454023361,-3.823163769919255,subgoal_reached
1669,1,kinematic_control_A,True,0.4714833333333333,12,-4.71922180056572,-4.565953731324969,subgoal_reached
1681,2,kinematic_control_B,True,0.4676833333333333,6,4.826470732688904,4.611329146955444,subgoal_reached
1687,3,kinematic_control_C,True,0.46578333333333327,11,-1.1757787391543388,-1.110411047814671,subgoal_reached
1698,5,kinematic_control_E,True,0.46230000000000004,8,-2.508482612669468,-2.6413387684437337,subgoal_reached
1706,4,kinematic_control_D,True,0.45976666666666666,10,3.0034656822681427,2.944822901322966,subgoal_reached
1716,2,kinematic_control_B,False,0.4566,7,-1.5676276236772537,-1.6900999181649132,subgoal_reached
1723,4,kinematic_control_D,False,0.45438333333333325,11,1.3968068659305573,1.3971666371190261,subgoal_reached
1734,2,kinematic_control_B,False,0.4509,8,-1.941941037774086,-2.102889484025139,subgoal_reached
1742,1,kinematic_control_A,True,0.44836666666666664,13,-4.28353163599968,-3.8697955583125174,subgoal_reached
1755,2,kinematic_control_B,True,0.44425,10,2.8267083540558815,2.3641745416574773,subgoal_reached
1765,4,kinematic_control_D,False,0.44108333333333327,10,0.43314821273088455,0.2898400197188443,subgoal_reached
1775,2,kinematic_control_B,False,0.4379166666666666,9,-2.273561790585518,-2.409820293279623,subgoal_reached
1784,5,kinematic_control_E,True,0.4350666666666666,12,-4.0841918513178825,-3.9214731541715007,subgoal_reached
1796,2,kinematic_control_B,False,0.43126666666666663,3,1.9938313961029053,1.874309705084562,subgoal_reached
1799,3,kinematic_control_C,True,0.4303166666666666,11,-0.934233158826828,-0.8568682156160449,subgoal_reached
1810,2,kinematic_control_B,True,0.42683333333333323,9,0.9287420883774757,0.6161812654063309,subgoal_reached
1819,1,kinematic_control_A,True,0.4239833333333334,12,-4.6762455701828,-4.343999884104898,subgoal_reached
1831,2,kinematic_control_B,False,0.42018333333333335,9,2.39252620190382,2.0478492182968364,subgoal_reached
1840,4,kinematic_control_D,False,0.41733333333333333,10,1.145922739058733,1.077254052665595,subgoal_reached
1850,2,kinematic_control_B,False,0.4141666666666666,9,-1.5211170762777328,-1.7424169686929887,subgoal_reached
1859,4,kinematic_control_D,False,0.4113166666666666,11,0.31937745213508606,0.38469055724714385,subgoal_reached
1870,5,kinematic_control_E,True,0.4078333333333333,6,-4.911392569541931,-4.902371333531978,subgoal_reached
1876,2,kinematic_control_B,False,0.40593333333333337,8,3.574568033218384,3.1774420375636967,subgoal_reached
1884,3,kinematic_control_C,True,0.4034,10,-6.008075810968876,-5.83913983667031,subgoal_reached
1894,2,kinematic_control_B,False,0.40023333333333333,5,3.7059629559516907,3.5320938783551163,subgoal_reached
1899,4,kinematic_control_D,False,0.39864999999999995,11,0.6531465202569962,0.4410656148158345,subgoal_reached
1910,1,kinematic_control_A,True,0.3951666666666666,5,-5.897698760032654,-5.885430819089251,subgoal_reached
1915,2,kinematic_control_B,False,0.39358333333333334,9,3.482671931385994,2.976595334255522,subgoal_reached
1924,4,kinematic_control_D,False,0.3907333333333333,10,-2.1758859008550644,-2.1450430416141377,subgoal_reached
1934,2,kinematic_control_B,False,0.3875666666666666,6,1.4216075241565704,1.3142168121054556,subgoal_reached
1940,0,,True,0.3856666666666667,1,-1.711514949798584,-1.811514949798584,base_step
1941,4,kinematic_control_D,True,0.38534999999999997,10,1.0719467997550964,0.8376913629250032,subgoal_reached
1951,2,kinematic_control_B,False,0.3821833333333333,8,-1.786231130361557,-1.9546571800434778,subgoal_reached
1959,1,kinematic_control_A,True,0.37964999999999993,13,-4.165166810154915,-3.6353620497700674,subgoal_reached
1972,3,kinematic_control_C,True,0.37553333333333333,5,-1.2644475474953651,-1.3758899436638798,subgoal_reached
1977,2,kinematic_control_B,False,0.37394999999999995,6,4.056647002696991,3.8877888745571556,subgoal_reached
1983,4,kinematic_control_D,False,0.37204999999999994,10,0.8252308070659637,0.5335138233582867,subgoal_reached
1993,2,kinematic_control_B,False,0.3688833333333333,9,-2.7166304737329483,-2.859606648908363,subgoal_reached
2002,0,,True,0.3660333333333333,1,1.2554134130477905,1.1554134130477904,base_step
2003,5,kinematic_control_E,True,0.3657166666666667,12,-5.791880123317242,-5.507606880774519,subgoal_reached
2015,1,kinematic_control_A,True,0.36191666666666666,12,-3.0281008183956146,-2.8590380577135517,subgoal_reached
2027,2,kinematic_control_B,True,0.3581166666666667,7,4.6727147698402405,4.410263987249847,subgoal_reached
2034,4,kinematic_control_D,False,0.35589999999999994,10,0.6767373718321323,0.6341115807091317,subgoal_reached
2044,2,kinematic_control_B,False,0.3527333333333333,8,-1.2533420100808144,-1.4297293979655805,subgoal_reached
2052,4,kinematic_control_D,False,0.3501999999999999,11,0.8710208982229233,0.9126488663403599,subgoal_reached
2063,0,,True,0.3467166666666667,1,-1.0907410383224487,-1.1907410383224488,base_step
2064,0,,True,0.34640000000000004,1,-0.8974913358688354,-0.9974913358688354,base_step
2065,2,kinematic_control_B,False,0.3460833333333333,5,-0.2786172702908516,-0.3849880692861154,subgoal_reached
2070,4,kinematic_control_D,False,0.34450000000000003,11,0.7848607022315264,0.6882626724916244,subgoal_reached
2081,2,kinematic_control_B,False,0.34101666666666663,10,0.12926851212978363,-0.2520008137781059,subgoal_reached
2091,4,kinematic_control_D,False,0.33785000000000004,11,-1.2159938104450703,-1.2540520467631215,subgoal_reached
2102,2,kinematic_control_B,False,0.33436666666666665,8,-2.2365448996424675,-2.368714699936045,subgoal_reached
2110,4,kinematic_control_D,False,0.33183333333333326,12,0.39605146646499634,0.5374592577805843,subgoal_reached
2122,2,kinematic_control_B,False,0.3280333333333333,6,-1.605465106666088,-1.7002949131142981,subgoal_reached
2128,4,kinematic_control_D,False,0.3261333333333333,11,1.0664973109960556,1.0327559366667483,subgoal_reached
2139,5,kinematic_control_E,True,0.32265,7,-5.405385076999664,-5.410297568866786,subgoal_reached
2146,2,kinematic_control_B,False,0.3204333333333333,13,2.1401402354240417,2.0953777853748505,subgoal_reached
2159,1,kinematic_control_A,True,0.31631666666666663,13,-6.6609214544296265,-6.260148569258649,subgoal_reached
2172,2,kinematic_control_B,False,0.3122,6,5.59456992149353,5.340644979446491,subgoal_reached
2178,4,kinematic_control_D,False,0.3103,10,0.8857813030481339,0.7360823300286307,subgoal_reached
2188,5,kinematic_control_E,True,0.30713333333333337,6,-5.575051784515381,-5.540838823188641,subgoal_reached
2194,0,,True,0.30523333333333336,1,-1.1504520177841187,-1.2504520177841187,base_step
2195,5,kinematic_control_E,True,0.3049166666666666,8,2.7442090287804604,2.478001283822471,subgoal_reached
2203,4,kinematic_control_D,True,0.30238333333333334,12,-1.457915648818016,-1.9521582628840761,subgoal_reached
2215,1,kinematic_control_A,True,0.29858333333333337,13,-6.495458483695984,-6.177471251222185,subgoal_reached
2228,2,kinematic_control_B,False,0.29446666666666665,14,6.186412826180458,5.814035056081283,subgoal_reached
2242,0,,True,0.29003333333333337,1,0.21997308731079102,0.11997308731079101,base_step
2243,4,kinematic_control_D,False,0.2897166666666666,7,-1.1436634585261345,-1.2284258911774328,subgoal_reached
2250,0,,True,0.2875,1,-0.14691898226737976,-0.24691898226737977,base_step
2251,2,kinematic_control_B,False,0.28718333333333335,5,-0.18056055903434753,-0.2797675525648481,subgoal_reached
2256,1,kinematic_control_A,True,0.28559999999999997,12,-5.946765035390854,-5.770685692629236,subgoal_reached
2268,2,kinematic_control_B,False,0.2818,10,2.7891593277454376,2.207005866642358,subgoal_reached
2278,4,kinematic_control_D,False,0.27863333333333334,10,0.1541982963681221,0.0810177781089313,subgoal_reached
2288,2,kinematic_control_B,False,0.27546666666666664,6,-1.6529966741800308,-1.6936005971639854,subgoal_reached
2294,4,kinematic_control_D,False,0.2735666666666666,12,0.33346906304359436,-0.01673789709530074,subgoal_reached
2306,3,kinematic_control_C,True,0.2697666666666666,3,-2.721419036388397,-2.7981452831268308,subgoal_reached
2309,2,kinematic_control_B,False,0.2688166666666666,6,0.9326209649443626,0.7548474539377992,subgoal_reached
2315,4,kinematic_control_D,False,0.2669166666666667,11,0.8498504087328911,0.9253831113211374,subgoal_reached
2326,5,kinematic_control_E,True,0.26343333333333335,6,-3.9825299084186554,-3.9810662080197443,subgoal_reached
2332,2,kinematic_control_B,False,0.26153333333333334,8,2.6246098801493645,2.230856273887969,subgoal_reached
2340,4,kinematic_control_D,False,0.25899999999999995,8,-2.782700464129448,-2.730282134044893,subgoal_reached
2348,2,kinematic_control_B,False,0.2564666666666667,6,2.5364930033683777,2.3835414043994114,subgoal_reached
2354,0,,True,0.2545666666666667,1,-1.51226806640625,-1.61226806640625,base_step
2355,2,kinematic_control_B,False,0.25425,8,1.9869655668735504,1.629258622366278,subgoal_reached
2363,5,kinematic_control_E,True,0.2517166666666667,4,-4.273790091276169,-4.27433682986927,subgoal_reached
2367,2,kinematic_control_B,False,0.25044999999999995,12,0.23678983747959137,-0.4859289248626987,subgoal_reached
2379,5,kinematic_control_E,True,0.24664999999999998,3,-1.4763103425502777,-1.5432912986397744,subgoal_reached
2382,2,kinematic_control_B,False,0.24569999999999997,11,0.066693976521492,-0.5388469750210211,subgoal_reached
2393,4,kinematic_control_D,False,0.2422166666666667,7,-1.7129968479275703,-1.7085995444579807,environment_truncated
2400,2,kinematic_control_B,False,0.23999999999999994,7,4.248024694621563,3.9531461937261043,subgoal_reached
2407,4,kinematic_control_D,False,0.2377833333333333,11,-1.0649515390396118,-1.090540251869857,subgoal_reached
2418,2,kinematic_control_B,False,0.23429999999999995,8,-1.7519432082772255,-1.8815705400301426,subgoal_reached
2426,4,kinematic_control_D,False,0.23176666666666668,11,0.9075901955366135,0.9707648678611708,subgoal_reached
2437,2,kinematic_control_B,False,0.22828333333333328,6,-2.0350163653492928,-2.1155343993426934,subgoal_reached
2443,4,kinematic_control_D,False,0.22638333333333333,11,1.1050698906183243,1.04655780370739,subgoal_reached
2454,2,kinematic_control_B,False,0.22290000000000004,10,0.044271111488342285,-0.32292939379806296,subgoal_reached
2464,4,kinematic_control_D,False,0.21973333333333328,11,-1.184587687253952,-1.2515580244813247,subgoal_reached
2475,5,kinematic_control_E,True,0.21625000000000005,6,-5.480148136615753,-5.454023512283869,subgoal_reached
2481,2,kinematic_control_B,False,0.21435000000000004,7,3.681824542582035,3.3421398879476265,subgoal_reached
2488,0,,False,0.21213333333333328,1,1.1382238864898682,1.038223886489868,base_step
2489,4,kinematic_control_D,False,0.21181666666666665,9,-1.5301587097346783,-1.5775982961003667,subgoal_reached
2498,2,kinematic_control_B,False,0.2089666666666667,15,0.024548739194869995,-0.4513939020917097,subgoal_reached
2513,4,kinematic_control_D,False,0.20421666666666666,8,-3.7447399497032166,-3.776644844401987,subgoal_reached
2521,2,kinematic_control_B,False,0.20168333333333327,6,2.0074693858623505,1.9024341486689953,subgoal_reached
2527,3,kinematic_control_C,True,0.1997833333333333,11,-3.866787075996399,-3.9885456419944867,subgoal_reached
2538,0,,True,0.19630000000000003,1,-0.9629906415939331,-1.0629906415939332,base_step
2539,2,kinematic_control_B,False,0.1959833333333333,8,2.0349362641572952,1.7179730487466152,subgoal_reached
2547,4,kinematic_control_D,False,0.19345,10,0.11822803318500519,0.13969952363251745,subgoal_reached
2557,2,kinematic_control_B,False,0.1902833333333333,15,0.2535935044288635,-0.1337951056510384,subgoal_reached
2572,4,kinematic_control_D,False,0.18553333333333338,9,-3.9910863786935806,-4.1216469303316075,subgoal_reached
2581,2,kinematic_control_B,False,0.18268333333333336,6,1.4368412494659424,1.3438034359848434,subgoal_reached
2587,4,kinematic_control_D,False,0.18078333333333335,10,-1.0004421100020409,-1.3326747370875542,subgoal_reached
2597,2,kinematic_control_B,False,0.17761666666666664,5,-1.5206007286906242,-1.5768675962865735,subgoal_reached
2602,4,kinematic_control_D,False,0.17603333333333337,12,0.10883496701717377,-0.2195692487930301,subgoal_reached
2614,0,,True,0.17223333333333335,1,-0.9919843077659607,-1.0919843077659608,base_step
2615,2,kinematic_control_B,False,0.17191666666666663,7,-0.7312658131122589,-0.866804400552919,subgoal_reached
2622,4,kinematic_control_D,True,0.16970000000000002,11,0.9522794187068939,1.0202218113372568,subgoal_reached
2633,2,kinematic_control_B,False,0.16621666666666662,7,-1.6674246564507484,-1.7772946415590658,subgoal_reached
2640,4,kinematic_control_D,False,0.16399999999999998,11,0.7269750982522964,0.7318612694499892,subgoal_reached
2651,2,kinematic_control_B,False,0.16051666666666664,9,-0.4674573838710785,-0.7343232512371725,subgoal_reached
2660,4,kinematic_control_D,False,0.15766666666666662,11,-0.25533452257514,-0.2550536155723454,subgoal_reached
2671,2,kinematic_control_B,False,0.15418333333333334,9,-1.1743280291557312,-1.428989732749325,subgoal_reached
2680,4,kinematic_control_D,False,0.15133333333333335,12,-0.7033792287111282,-0.565634750686408,subgoal_reached
2692,2,kinematic_control_B,False,0.14753333333333335,7,-1.5497737228870392,-1.680057125851013,subgoal_reached
2699,1,kinematic_control_A,True,0.1453166666666667,13,-4.06102903559804,-3.619286627753184,subgoal_reached
2712,4,kinematic_control_D,True,0.1412,8,1.5017584338784218,1.203665028734292,subgoal_reached
2720,2,kinematic_control_B,False,0.13866666666666672,5,1.1178276054561138,1.0455183127208054,subgoal_reached
2725,3,kinematic_control_C,True,0.13708333333333333,9,-2.9223578199744225,-3.085736168597093,subgoal_reached
2734,2,kinematic_control_B,False,0.13423333333333334,11,1.8521553725004196,1.4814255538957601,subgoal_reached
2745,3,kinematic_control_C,True,0.13074999999999998,10,-4.897511780261993,-4.677534998077707,subgoal_reached
2755,2,kinematic_control_B,False,0.12758333333333333,6,2.5976111590862274,2.425886869709657,subgoal_reached
2761,4,kinematic_control_D,False,0.1256833333333333,11,0.5847302675247192,0.44747172734132656,subgoal_reached
2772,2,kinematic_control_B,False,0.12219999999999996,9,-0.9532694965600967,-1.2246009915284806,subgoal_reached
2781,4,kinematic_control_D,False,0.11934999999999996,12,-0.5139740891754627,-0.40327784777910647,subgoal_reached
2793,2,kinematic_control_B,False,0.11554999999999996,7,-1.7402958273887634,-1.8500659302272857,subgoal_reached
2800,4,kinematic_control_D,False,0.11333333333333331,11,0.9899638704955578,1.0323377408829504,subgoal_reached
2811,2,kinematic_control_B,False,0.10984999999999995,7,-1.8553234040737152,-1.9752244773527114,subgoal_reached
2818,4,kinematic_control_D,False,0.10763333333333332,11,1.5163976699113846,1.4764178062789621,subgoal_reached
2829,2,kinematic_control_B,False,0.10415000000000005,9,-1.608326941728592,-1.8467252577474373,subgoal_reached
2838,4,kinematic_control_D,False,0.10130000000000004,12,-0.8890100680291653,-0.738834622753818,subgoal_reached
2850,2,kinematic_control_B,False,0.09750000000000004,8,-0.5018067359924316,-0.7044788308794604,subgoal_reached
2858,4,kinematic_control_D,False,0.09496666666666667,11,0.1255090832710266,0.18216040886299076,subgoal_reached
2869,2,kinematic_control_B,False,0.0914833333333333,8,-1.438840113580227,-1.6110118257739905,subgoal_reached
2877,4,kinematic_control_D,False,0.08895000000000003,11,0.593668594956398,0.6191132234678477,subgoal_reached
2888,2,kinematic_control_B,False,0.08546666666666666,8,-1.8188072517514229,-1.9851890479354535,subgoal_reached
2896,1,kinematic_control_A,True,0.0829333333333333,13,-4.322269007563591,-3.8934503323418164,subgoal_reached
2909,2,kinematic_control_B,False,0.07881666666666666,10,2.7445660308003426,2.2868527134734227,subgoal_reached
2919,4,kinematic_control_D,False,0.07565000000000002,10,0.6093073785305023,0.45717122178254155,subgoal_reached
2929,2,kinematic_control_B,False,0.07248333333333329,8,-3.1545712128281593,-3.2326282461465428,subgoal_reached
2937,4,kinematic_control_D,False,0.06995000000000001,11,1.1586438119411469,1.2717721974197986,subgoal_reached
2948,2,kinematic_control_B,False,0.06646666666666665,6,-1.0645127147436142,-1.1768166585509616,subgoal_reached
2954,4,kinematic_control_D,False,0.06456666666666665,12,-0.2456931620836258,-0.20378670103603783,subgoal_reached
2966,2,kinematic_control_B,False,0.06076666666666664,9,0.19226892292499542,-0.11011764856985243,subgoal_reached
2975,4,kinematic_control_D,False,0.057916666666666644,11,-0.41363609582185745,-0.4321827920592243,subgoal_reached
2986,2,kinematic_control_B,False,0.054433333333333375,9,-1.235167182981968,-1.486122624938468,subgoal_reached
2995,4,kinematic_control_D,False,0.05158333333333337,12,-0.6059436351060867,-0.46212476288325677,subgoal_reached
3007,2,kinematic_control_B,False,0.05,7,-1.5570955500006676,-1.6807147631238277,subgoal_reached
3014,4,kinematic_control_D,False,0.05,11,1.0377200990915298,1.0677942532201843,subgoal_reached
3025,2,kinematic_control_B,False,0.05,8,-1.5753247365355492,-1.7324758402796125,subgoal_reached
3033,4,kinematic_control_D,False,0.05,11,0.40135667473077774,0.42663429792337915,subgoal_reached
3044,2,kinematic_control_B,False,0.05,8,-1.4703690558671951,-1.6504617536462949,subgoal_reached
3052,4,kinematic_control_D,False,0.05,11,0.9470284730195999,0.958568575131222,subgoal_reached
3063,2,kinematic_control_B,False,0.05,9,-1.3815900385379791,-1.6055583675848526,subgoal_reached
3072,4,kinematic_control_D,False,0.05,11,-0.20933330059051514,-0.16615907120766185,subgoal_reached
3083,2,kinematic_control_B,False,0.05,9,-0.5996367782354355,-0.8631521886079644,subgoal_reached
3092,4,kinematic_control_D,False,0.05,11,-0.22601400315761566,-0.20035794136504395,subgoal_reached
3103,2,kinematic_control_B,False,0.05,9,-1.1233313977718353,-1.3702847817494477,subgoal_reached
3112,4,kinematic_control_D,False,0.05,12,-1.0844436064362526,-0.918437062550446,subgoal_reached
3124,2,kinematic_control_B,False,0.05,8,-0.5342220366001129,-0.7273410013844143,subgoal_reached
3132,4,kinematic_control_D,False,0.05,11,-0.1650358885526657,-0.10144124475571706,subgoal_reached
3143,2,kinematic_control_B,False,0.05,8,-1.1537082642316818,-1.3430346153016395,subgoal_reached
3151,4,kinematic_control_D,False,0.05,11,0.739962100982666,0.758457178914249,subgoal_reached
3162,2,kinematic_control_B,False,0.05,9,-1.1813338696956635,-1.4130292891658107,subgoal_reached
3171,4,kinematic_control_D,False,0.05,11,-0.30628199875354767,-0.26660105748699847,subgoal_reached
3182,2,kinematic_control_B,False,0.05,9,-0.561081238090992,-0.8311577579783552,subgoal_reached
3191,4,kinematic_control_D,False,0.05,9,1.9589953124523163,1.7870033802110792,environment_truncated
3200,5,kinematic_control_E,True,0.05,5,-0.05091319978237152,-0.15432158665777743,subgoal_reached
3205,4,kinematic_control_D,False,0.05,10,3.599812224507332,3.2787199934549824,subgoal_reached
3215,0,,False,0.05,1,-0.9668242931365967,-1.0668242931365968,base_step
3216,2,kinematic_control_B,False,0.05,8,-2.035405360162258,-2.1650424009598512,subgoal_reached
3224,4,kinematic_control_D,False,0.05,11,0.8032736033201218,0.9362428409488929,subgoal_reached
3235,2,kinematic_control_B,False,0.05,6,-1.183504767715931,-1.2821123226979947,subgoal_reached
3241,4,kinematic_control_D,False,0.05,11,1.3948676735162735,1.244434452791021,subgoal_reached
3252,2,kinematic_control_B,False,0.05,10,-0.4738132953643799,-0.8375907295575248,subgoal_reached
3262,0,,False,0.05,1,0.8201872110366821,0.7201872110366822,base_step
3263,4,kinematic_control_D,False,0.05,11,-2.8737997747957706,-2.791873210971452,subgoal_reached
3274,2,kinematic_control_B,False,0.05,8,-0.3934168517589569,-0.5982096901673303,subgoal_reached
3282,4,kinematic_control_D,True,0.05,11,0.03584800660610199,0.10424768628541056,subgoal_reached
3293,2,kinematic_control_B,False,0.05,8,-1.4557588919997215,-1.62166671933125,subgoal_reached
3301,4,kinematic_control_D,False,0.05,11,0.3979440778493881,0.4358559825135212,subgoal_reached
3312,2,kinematic_control_B,False,0.05,8,-1.4592763632535934,-1.6337462588189573,subgoal_reached
3320,4,kinematic_control_D,False,0.05,11,0.6866602897644043,0.7056190201598841,subgoal_reached
3331,2,kinematic_control_B,False,0.05,9,-1.1096478030085564,-1.3427803505245195,subgoal_reached
3340,4,kinematic_control_D,False,0.05,11,-0.37823453173041344,-0.34056181803122587,subgoal_reached
3351,0,,False,0.05,1,-1.317898154258728,-1.4178981542587281,base_step
3352,2,kinematic_control_B,False,0.05,7,-0.9577088952064514,-1.1091389185324676,subgoal_reached
3359,4,kinematic_control_D,False,0.05,11,1.487805724143982,1.5099370685145446,subgoal_reached
3370,2,kinematic_control_B,False,0.05,7,-2.375260330736637,-2.47269883141239,subgoal_reached
3377,4,kinematic_control_D,False,0.05,11,1.2286164611577988,1.2400045731454117,subgoal_reached
3388,2,kinematic_control_B,False,0.05,8,-1.747797779738903,-1.916967874982776,subgoal_reached
3396,4,kinematic_control_D,False,0.05,11,1.1111385002732277,1.114134850795601,subgoal_reached
3407,2,kinematic_control_B,False,0.05,9,-1.4446362257003784,-1.6678956476489875,subgoal_reached
3416,4,kinematic_control_D,False,0.05,11,-0.11298328638076782,-0.07194085939637387,subgoal_reached
3427,0,,False,0.05,1,-1.3190208673477173,-1.4190208673477174,base_step
3428,2,kinematic_control_B,False,0.05,7,-1.177764967083931,-1.3178891207638874,subgoal_reached
3435,4,kinematic_control_D,False,0.05,11,1.406546302139759,1.440504532030047,subgoal_reached
3446,2,kinematic_control_B,False,0.05,7,-2.0211664885282516,-2.12904065236484,subgoal_reached
3453,4,kinematic_control_D,False,0.05,11,1.0190596878528595,1.0171638661996116,subgoal_reached
3464,2,kinematic_control_B,False,0.05,9,-0.8490338325500488,-1.1058546640792501,subgoal_reached
3473,4,kinematic_control_D,False,0.05,11,-0.03539767116308212,-0.02655157057457394,subgoal_reached
3484,0,,False,0.05,1,-1.3810606002807617,-1.4810606002807618,base_step
3485,2,kinematic_control_B,False,0.05,8,-0.5843671262264252,-0.7892206045571771,subgoal_reached
3493,4,kinematic_control_D,False,0.05,11,0.5459101125597954,0.6165696786199354,subgoal_reached
3504,2,kinematic_control_B,False,0.05,7,-2.398444540798664,-2.4774181349795064,subgoal_reached
3511,4,kinematic_control_D,False,0.05,11,0.9699202179908752,1.0199523580624137,subgoal_reached
3522,2,kinematic_control_B,False,0.05,8,-1.1236737221479416,-1.3089901109348059,subgoal_reached
3530,4,kinematic_control_D,False,0.05,11,0.3935333266854286,0.40387361734487637,subgoal_reached
3541,2,kinematic_control_B,False,0.05,9,-0.6366703361272812,-0.9024064077388406,subgoal_reached
3550,4,kinematic_control_D,False,0.05,12,-1.49785915017128,-1.3423050826722012,subgoal_reached
3562,2,kinematic_control_B,False,0.05,8,-0.33189138770103455,-0.5476901531856562,subgoal_reached
3570,4,kinematic_control_D,False,0.05,11,0.3763704337179661,0.4138049598831345,subgoal_reached
3581,2,kinematic_control_B,False,0.05,8,-1.8623210936784744,-2.0288679470617947,subgoal_reached
3589,4,kinematic_control_D,False,0.05,12,0.010593019425868988,0.1485770200078965,subgoal_reached
3601,1,kinematic_control_A,True,0.05,6,-4.794460833072662,-4.779096539581967,subgoal_reached
3607,2,kinematic_control_B,False,0.05,11,3.836492136120796,3.312675214221579,subgoal_reached
3618,0,,False,0.05,1,-0.8605562448501587,-0.9605562448501587,base_step
3619,4,kinematic_control_D,False,0.05,11,-0.6128146946430206,-0.9856189041850016,subgoal_reached
3630,0,,False,0.05,1,-0.3614957630634308,-0.46149576306343076,base_step
3631,0,,False,0.05,1,-0.37530505657196045,-0.4753050565719604,base_step
3632,2,kinematic_control_B,False,0.05,4,-0.5292623266577721,-0.6176891098867356,subgoal_reached
3636,4,kinematic_control_D,False,0.05,10,1.1219867765903473,0.9974763649774582,subgoal_reached
3646,0,,False,0.05,1,-1.4126224517822266,-1.5126224517822267,base_step
3647,2,kinematic_control_B,False,0.05,8,-0.2724366933107376,-0.5091663422678275,subgoal_reached
3655,4,kinematic_control_D,False,0.05,11,0.49452853947877884,0.5147605125876434,subgoal_reached
3666,0,,False,0.05,1,-1.3303192853927612,-1.4303192853927613,base_step
3667,2,kinematic_control_B,False,0.05,7,-1.7354827001690865,-1.8581227353935428,subgoal_reached
3674,4,kinematic_control_D,False,0.05,11,1.7556178849190474,1.8178272863667926,subgoal_reached
3685,2,kinematic_control_B,False,0.05,7,-2.1035014614462852,-2.2040661641017123,subgoal_reached
3692,4,kinematic_control_D,False,0.05,11,1.1398937106132507,1.1261280498919939,subgoal_reached
3703,2,kinematic_control_B,False,0.05,9,-1.0312504470348358,-1.288145677183248,subgoal_reached
3712,4,kinematic_control_D,False,0.05,12,-1.2051362320780754,-1.0548043741228221,subgoal_reached
3724,2,kinematic_control_B,False,0.05,8,-0.408755362033844,-0.6224411006394928,subgoal_reached
3732,3,kinematic_control_C,True,0.05,13,-3.196377780288458,-2.826799896335364,subgoal_reached
3745,4,kinematic_control_D,False,0.05,7,-0.12936586886644363,-0.3275372851361593,subgoal_reached
3752,0,,False,0.05,1,1.004974126815796,0.9049741268157959,base_step
3753,0,,False,0.05,1,0.9209381341934204,0.8209381341934204,base_step
3754,2,kinematic_control_B,False,0.05,4,0.9453999102115631,0.8548089468532205,subgoal_reached
3758,4,kinematic_control_D,False,0.05,8,-1.4175191782414913,-1.5663862034835532,subgoal_reached
3766,0,,False,0.05,1,-0.3268260359764099,-0.4268260359764099,base_step
3767,0,,False,0.05,1,-0.36145517230033875,-0.4614551723003387,base_step
3768,2,kinematic_control_B,False,0.05,4,-0.09750582277774811,-0.1920142459609211,subgoal_reached
3772,4,kinematic_control_D,False,0.05,11,-0.699616551399231,-0.7560419390336935,subgoal_reached
3783,2,kinematic_control_B,False,0.05,9,0.4492473527789116,0.13269777619573117,subgoal_reached
3792,0,,False,0.05,1,1.0145304203033447,0.9145304203033447,base_step
3793,4,kinematic_control_D,False,0.05,11,-2.4644101932644844,-2.3444687625687997,subgoal_reached
3804,2,kinematic_control_B,False,0.05,8,-0.7126838117837906,-0.9171134058283172,subgoal_reached
3812,4,kinematic_control_D,False,0.05,11,0.6086826547980309,0.6415884237322936,subgoal_reached
3823,5,kinematic_control_E,True,0.05,6,-5.29464989900589,-5.281488841735311,subgoal_reached
3829,2,kinematic_control_B,False,0.05,8,4.185098871588707,3.7891198620549167,subgoal_reached
3837,0,,False,0.05,1,0.46897321939468384,0.36897321939468386,base_step
3838,4,kinematic_control_D,False,0.05,9,-3.3624533340334892,-3.4295818999978693,subgoal_reached
3847,0,,False,0.05,1,0.4569661021232605,0.3569661021232605,base_step
3848,2,kinematic_control_B,False,0.05,5,0.9857231378555298,0.9027734189875899,subgoal_reached
3853,4,kinematic_control_D,False,0.05,10,-0.6691397428512573,-0.9691915035183395,subgoal_reached
3863,0,,False,0.05,1,-0.736782968044281,-0.836782968044281,base_step
3864,0,,False,0.05,1,-0.7099750638008118,-0.8099750638008117,base_step
3865,2,kinematic_control_B,False,0.05,14,-0.6139037013053894,-0.6892488892485688,subgoal_reached
3879,4,kinematic_control_D,False,0.05,6,-0.5308923721313477,-0.668598132980817,subgoal_reached
3885,0,,False,0.05,1,0.39519229531288147,0.2951922953128815,base_step
3886,0,,False,0.05,1,0.09403335303068161,-0.0059666469693183954,base_step
3887,2,kinematic_control_B,False,0.05,5,0.4695964604616165,0.3895110428755916,subgoal_reached
3892,4,kinematic_control_D,False,0.05,10,-0.9316994845867157,-1.190185535894158,subgoal_reached
3902,0,,False,0.05,1,-0.8766293525695801,-0.9766293525695801,base_step
3903,2,kinematic_control_B,False,0.05,9,-0.9516563266515732,-1.1307061113945982,subgoal_reached
3912,0,,False,0.05,1,1.1851997375488281,1.085199737548828,base_step
3913,0,,False,0.05,1,0.8510323762893677,0.7510323762893677,base_step
3914,0,,False,0.05,1,0.5778453946113586,0.47784539461135866,base_step
3915,4,kinematic_control_D,False,0.05,8,-2.4264333248138428,-2.3958383540443218,subgoal_reached
3923,2,kinematic_control_B,False,0.05,6,-2.0385187417268753,-2.107957874150721,subgoal_reached
3929,4,kinematic_control_D,False,0.05,11,0.9040897190570831,0.8653092198736766,subgoal_reached
3940,2,kinematic_control_B,False,0.05,9,-0.2667308822274208,-0.5542867439289257,subgoal_reached
3949,4,kinematic_control_D,False,0.05,12,-1.5648262836039066,-1.4373290417075595,subgoal_reached
3961,2,kinematic_control_B,False,0.05,8,-0.24819523096084595,-0.4758225539602864,subgoal_reached
3969,4,kinematic_control_D,False,0.05,12,-0.5922182202339172,-0.43804260460455924,subgoal_reached
3981,2,kinematic_control_B,False,0.05,8,-0.6549911201000214,-0.8580141746460274,subgoal_reached
3989,1,kinematic_control_A,True,0.05,11,-2.4008530266582966,-2.228120764716477,environment_truncated
4000,2,kinematic_control_B,False,0.05,7,4.248024694621563,3.9531461937261043,subgoal_reached
4007,0,,False,0.05,1,0.7048922181129456,0.6048922181129456,base_step
4008,4,kinematic_control_D,False,0.05,10,-1.4243191480636597,-1.4556712384014097,subgoal_reached
4018,0,,False,0.05,1,-1.2345714569091797,-1.3345714569091798,base_step
4019,2,kinematic_control_B,False,0.05,7,-1.4098246023058891,-1.5358991479703827,subgoal_reached
4026,4,kinematic_control_D,False,0.05,11,1.5908261612057686,1.6520069534373376,subgoal_reached
4037,0,,False,0.05,1,-0.9177455306053162,-1.0177455306053163,base_step
4038,2,kinematic_control_B,False,0.05,6,-1.7913148924708366,-1.8580862270475844,subgoal_reached
4044,4,kinematic_control_D,False,0.05,11,0.8285749554634094,0.7973628936149227,subgoal_reached
4055,2,kinematic_control_B,False,0.05,9,0.16976645588874817,-0.12483810953863986,subgoal_reached
4064,0,,False,0.05,1,0.5368962287902832,0.4368962287902832,base_step
4065,4,kinematic_control_D,False,0.05,11,-1.600820131599903,-1.52804299406682,subgoal_reached
4076,0,,False,0.05,1,-1.4030593633651733,-1.5030593633651734,base_step
4077,2,kinematic_control_B,False,0.05,8,0.6811788901686668,0.41894764076283975,subgoal_reached
4085,0,,False,0.05,1,0.8765087127685547,0.7765087127685547,base_step
4086,4,kinematic_control_D,False,0.05,11,-1.2657170072197914,-1.1713437600647998,subgoal_reached
4097,0,,False,0.05,1,-1.350989818572998,-1.4509898185729981,base_step
4098,2,kinematic_control_B,False,0.05,7,-0.5414503067731857,-0.7109572056285368,subgoal_reached
4105,4,kinematic_control_D,False,0.05,11,1.1450473070144653,1.156258643452006,subgoal_reached
4116,0,,False,0.05,1,-1.2259961366653442,-1.3259961366653443,base_step
4117,2,kinematic_control_B,False,0.05,7,-1.3148861899971962,-1.4380720746890936,subgoal_reached
4124,4,kinematic_control_D,False,0.05,11,0.7404688000679016,0.8144049257822176,subgoal_reached
4135,2,kinematic_control_B,False,0.05,7,-1.4151167050004005,-1.547858116500317,subgoal_reached
4142,4,kinematic_control_D,False,0.05,11,1.3285838812589645,1.285866176788178,subgoal_reached
4153,0,,False,0.05,1,-1.436082363128662,-1.5360823631286622,base_step
4154,2,kinematic_control_B,False,0.05,8,-0.43246592581272125,-0.6440960954334314,subgoal_reached
4162,4,kinematic_control_D,False,0.05,11,0.06401579082012177,0.09890521347064948,subgoal_reached
4173,0,,False,0.05,1,-1.275974154472351,-1.3759741544723512,base_step
4174,2,kinematic_control_B,False,0.05,7,-0.776053212583065,-0.9268205044518286,subgoal_reached
4181,4,kinematic_control_D,False,0.05,11,1.08506441116333,1.1060612553866704,subgoal_reached
4192,0,,False,0.05,1,-1.1512798070907593,-1.2512798070907594,base_step
4193,2,kinematic_control_B,False,0.05,7,-1.1262703910470009,-1.243835530052158,subgoal_reached
4200,4,kinematic_control_D,False,0.05,10,1.7624757960438728,1.712241373866791,subgoal_reached
4210,0,,False,0.05,1,-1.3190613985061646,-1.4190613985061646,base_step
4211,2,kinematic_control_B,False,0.05,8,-1.2318939715623856,-1.3930008888345182,subgoal_reached
4219,4,kinematic_control_D,False,0.05,10,1.183963105082512,1.1785171692165162,subgoal_reached
4229,0,,False,0.05,1,-1.096314787864685,-1.1963147878646851,base_step
4230,2,kinematic_control_B,False,0.05,7,-1.8020441830158234,-1.8885625441728204,subgoal_reached
4237,4,kinematic_control_D,False,0.05,10,1.8673026263713837,1.8340735387580256,subgoal_reached
4247,0,,False,0.05,1,-1.2987252473831177,-1.3987252473831178,base_step
4248,2,kinematic_control_B,False,0.05,7,-1.6079063713550568,-1.730272583112873,subgoal_reached
4255,4,kinematic_control_D,False,0.05,11,1.1885480880737305,1.245773452027192,subgoal_reached
4266,2,kinematic_control_B,False,0.05,7,-1.4911249205470085,-1.6160992216886305,subgoal_reached
4273,4,kinematic_control_D,False,0.05,11,1.0426992774009705,1.0031919247944163,subgoal_reached
4284,0,,False,0.05,1,-1.4259469509124756,-1.5259469509124757,base_step
4285,2,kinematic_control_B,False,0.05,8,-0.2979707792401314,-0.5143873490888132,subgoal_reached
4293,4,kinematic_control_D,False,0.05,11,0.05099556967616081,0.08704224933671831,subgoal_reached
4304,5,kinematic_control_E,True,0.05,6,-4.928988039493561,-4.9314614890985276,subgoal_reached
4310,2,kinematic_control_B,False,0.05,10,4.332697205245495,4.029268029316197,subgoal_reached
4320,4,kinematic_control_D,False,0.05,11,-2.919704884290695,-3.251319908704351,subgoal_reached
4331,0,,False,0.05,1,0.5258687138557434,0.42586871385574343,base_step
4332,0,,False,0.05,1,0.33239731192588806,0.23239731192588806,base_step
4333,0,,False,0.05,1,0.5475388765335083,0.4475388765335083,base_step
4334,2,kinematic_control_B,False,0.05,3,0.9560073912143707,0.8521284919530153,subgoal_reached
4337,4,kinematic_control_D,False,0.05,9,-1.5311423651874065,-1.6129515971448163,subgoal_reached
4346,0,,False,0.05,1,-1.0392769575119019,-1.139276957511902,base_step
4347,0,,False,0.05,1,-0.8732315301895142,-0.9732315301895141,base_step
4348,2,kinematic_control_B,False,0.05,19,-1.2003209292888641,-1.1798148487155353,subgoal_reached
4367,4,kinematic_control_D,False,0.05,10,0.04881024360656738,0.1633384190769562,subgoal_reached
4377,2,kinematic_control_B,False,0.05,6,-0.6571584045886993,-0.7736328277959758,subgoal_reached
4383,4,kinematic_control_D,False,0.05,11,1.0461905598640442,0.9400449925124045,subgoal_reached
4394,0,,False,0.05,1,-1.5127620697021484,-1.6127620697021485,base_step
4395,2,kinematic_control_B,False,0.05,8,-0.21947944164276123,-0.45870130087471483,subgoal_reached
4403,0,,False,0.05,1,0.9555325508117676,0.8555325508117676,base_step
4404,4,kinematic_control_D,False,0.05,11,-0.7252998240292072,-0.6463016997014467,subgoal_reached
4415,0,,False,0.05,1,-1.3097630739212036,-1.4097630739212037,base_step
4416,5,kinematic_control_E,True,0.05,5,-3.151358813047409,-3.2011225935887135,subgoal_reached
4421,2,kinematic_control_B,False,0.05,9,3.885420948266983,3.452609370670826,subgoal_reached
4430,0,,False,0.05,1,0.003975085914134979,-0.09602491408586503,base_step
4431,4,kinematic_control_D,False,0.05,9,-2.686162382364273,-2.8227409606150244,subgoal_reached
4440,0,,False,0.05,1,0.25087809562683105,0.15087809562683105,base_step
4441,2,kinematic_control_B,True,0.05,5,-0.031117156147956848,-0.10530540760723253,subgoal_reached
4446,4,kinematic_control_D,True,0.05,10,-0.11715374141931534,-0.37106086367700586,subgoal_reached
4456,0,,False,0.05,1,-1.010530948638916,-1.110530948638916,base_step
4457,0,,False,0.05,1,-0.88185715675354,-0.98185715675354,base_step
4458,2,kinematic_control_B,False,0.05,6,-0.8775165230035782,-0.9814527367884507,subgoal_reached
4464,4,kinematic_control_D,False,0.05,10,1.702463373541832,1.7089990890232176,subgoal_reached
4474,2,kinematic_control_B,True,0.05,8,-1.637516774237156,-1.786242579848535,subgoal_reached
4482,4,kinematic_control_D,False,0.05,11,0.4539126232266426,0.47620134881771004,subgoal_reached
4493,0,,False,0.05,1,-1.2620429992675781,-1.3620429992675782,base_step
4494,2,kinematic_control_B,False,0.05,7,-0.9003179222345352,-1.0419978296643064,subgoal_reached
4501,4,kinematic_control_D,False,0.05,11,0.9214302599430084,0.943659026746882,subgoal_reached
4512,2,kinematic_control_B,True,0.05,8,-1.2448587268590927,-1.4171658127463005,subgoal_reached
4520,4,kinematic_control_D,False,0.05,11,0.29844433441758156,0.32231771929227404,subgoal_reached
4531,0,,False,0.05,1,-1.2786681652069092,-1.3786681652069093,base_step
4532,2,kinematic_control_B,False,0.05,7,-0.9373237416148186,-1.0807253713260065,subgoal_reached
4539,4,kinematic_control_D,False,0.05,11,1.0440691858530045,1.0637785854357371,subgoal_reached
4550,0,,False,0.05,1,-1.1643887758255005,-1.2643887758255006,base_step
4551,1,kinematic_control_A,True,0.05,6,-4.253020375967026,-4.235437511656163,subgoal_reached
4557,2,kinematic_control_B,False,0.05,11,4.03975673019886,3.517355217942052,subgoal_reached
4568,0,,True,0.05,1,-1.0238027572631836,-1.1238027572631837,base_step
4569,4,kinematic_control_D,False,0.05,11,-0.7025455310940742,-1.0972335210374495,subgoal_reached
4580,0,,False,0.05,1,-0.16673028469085693,-0.2667302846908569,base_step
4581,0,,False,0.05,1,-0.22799617052078247,-0.32799617052078245,base_step
4582,2,kinematic_control_B,False,0.05,4,-0.4148924648761749,-0.5019843949902951,subgoal_reached
4586,4,kinematic_control_D,False,0.05,10,0.5154076293110847,0.4039124312572385,subgoal_reached
4596,0,,False,0.05,1,-1.382397174835205,-1.4823971748352052,base_step
4597,2,kinematic_control_B,False,0.05,8,0.02548728883266449,-0.2196154333574655,subgoal_reached
4605,0,,False,0.05,1,1.1369502544403076,1.0369502544403075,base_step
4606,4,kinematic_control_D,False,0.05,11,-1.1785111986100674,-1.0561307859243538,subgoal_reached
4617,0,,False,0.05,1,-1.2226165533065796,-1.3226165533065797,base_step
4618,2,kinematic_control_B,False,0.05,7,-1.0643842071294785,-1.1888482785826993,subgoal_reached
4625,4,kinematic_control_D,False,0.05,11,0.7910838592797518,0.8419961322051247,subgoal_reached
4636,2,kinematic_control_B,False,0.05,8,-1.0889589935541153,-1.256780804334118,subgoal_reached
4644,4,kinematic_control_D,False,0.05,11,0.09520896524190903,0.11525596692526138,subgoal_reached
4655,0,,False,0.05,1,-1.3089356422424316,-1.4089356422424317,base_step
4656,2,kinematic_control_B,False,0.05,7,-0.47880207747220993,-0.6479823372321127,subgoal_reached
4663,4,kinematic_control_D,False,0.05,11,1.013182908296585,1.0298901955930142,subgoal_reached
4674,0,,False,0.05,1,-1.211353063583374,-1.3113530635833741,base_step
4675,0,,True,0.05,1,-0.981155514717102,-1.0811555147171021,base_step
4676,2,kinematic_control_B,False,0.05,6,-0.18175939470529556,-0.29956868373035284,subgoal_reached
4682,4,kinematic_control_D,False,0.05,11,0.485206700861454,0.5019292346370597,subgoal_reached
4693,2,kinematic_control_B,False,0.05,8,-0.8360111862421036,-1.0418449884723116,subgoal_reached
4701,4,kinematic_control_D,False,0.05,11,0.8191268146038055,0.8273326640057076,subgoal_reached
4712,0,,False,0.05,1,-1.3566350936889648,-1.456635093688965,base_step
4713,2,kinematic_control_B,False,0.05,8,-0.7971974089741707,-0.9844968381917244,subgoal_reached
4721,4,kinematic_control_D,False,0.05,11,0.2289516031742096,0.31612613681632296,subgoal_reached
4732,0,,False,0.05,1,-1.018859624862671,-1.118859624862671,base_step
4733,1,kinematic_control_A,True,0.05,6,-3.609283745288849,-3.6001679533715456,subgoal_reached
4739,2,kinematic_control_B,False,0.05,11,3.6004888340830803,3.0903451998546143,subgoal_reached
4750,0,,False,0.05,1,-1.0723440647125244,-1.1723440647125245,base_step
4751,4,kinematic_control_D,False,0.05,11,-0.7271854430437088,-1.122622681237175,subgoal_reached
4762,0,,False,0.05,1,-0.14543716609477997,-0.24543716609477997,base_step
4763,0,,False,0.05,1,-0.2107878476381302,-0.31078784763813017,base_step
4764,2,kinematic_control_B,False,0.05,4,-0.38528942316770554,-0.47247563106663526,subgoal_reached
4768,5,kinematic_control_E,True,0.05,9,-1.894982360303402,-1.979559684561076,subgoal_reached
4777,4,kinematic_control_D,False,0.05,9,-0.12337715923786163,-0.37722528661644894,subgoal_reached
4786,0,,False,0.05,1,0.5769369006156921,0.47693690061569216,base_step
4787,0,,False,0.05,1,0.14402160048484802,0.04402160048484802,base_step
4788,0,,False,0.05,1,0.3472537398338318,0.24725373983383178,base_step
4789,2,kinematic_control_B,False,0.05,4,0.4821450784802437,0.39811476024213444,subgoal_reached
4793,4,kinematic_control_D,False,0.05,7,-0.8673896193504333,-1.08678833742093,environment_truncated
4800,2,kinematic_control_B,False,0.05,7,4.248024694621563,3.9531461937261043,subgoal_reached
4807,0,,False,0.05,1,0.7048922181129456,0.6048922181129456,base_step
4808,4,kinematic_control_D,False,0.05,10,-1.4243191480636597,-1.4556712384014097,subgoal_reached
4818,0,,False,0.05,1,-1.2345714569091797,-1.3345714569091798,base_step
4819,2,kinematic_control_B,False,0.05,7,-1.4098246023058891,-1.5358991479703827,subgoal_reached
4826,1,kinematic_control_A,True,0.05,13,-4.10347443819046,-3.589043825265591,subgoal_reached
4839,4,kinematic_control_D,False,0.05,7,1.7915489375591278,1.5412929301989653,subgoal_reached
4846,0,,False,0.05,1,1.0350455045700073,0.9350455045700073,base_step
4847,0,,False,0.05,1,0.8763768672943115,0.7763768672943115,base_step
4848,0,,False,0.05,1,0.944248616695404,0.8442486166954041,base_step
4849,2,kinematic_control_B,False,0.05,4,0.8935984224081039,0.8056845400930642,subgoal_reached
4853,4,kinematic_control_D,False,0.05,8,-1.996768742799759,-2.1548946367711763,subgoal_reached
4861,0,,False,0.05,1,-0.24138236045837402,-0.341382360458374,base_step
4862,0,,False,0.05,1,-0.42378145456314087,-0.5237814545631408,base_step
4863,2,kinematic_control_B,False,0.05,4,-0.11899037659168243,-0.21524535221633317,subgoal_reached
4867,4,kinematic_control_D,False,0.05,11,-0.018954932689666748,-0.2797886772356385,subgoal_reached
4878,0,,False,0.05,1,-1.3164656162261963,-1.4164656162261964,base_step
4879,2,kinematic_control_B,False,0.05,8,-0.6457036510109901,-0.8583106484609665,subgoal_reached
4887,4,kinematic_control_D,False,0.05,11,0.5688747353851795,0.6571046460675068,subgoal_reached
4898,0,,False,0.05,1,-0.9632362723350525,-1.0632362723350526,base_step
4899,2,kinematic_control_B,False,0.05,5,-1.2423604801297188,-1.3306351697803527,subgoal_reached
4904,4,kinematic_control_D,False,0.05,11,1.0534166768193245,0.9477450239632771,subgoal_reached
4915,5,kinematic_control_E,True,0.05,7,-5.623189464211464,-5.617047061449186,subgoal_reached
4922,2,kinematic_control_B,False,0.05,15,3.168900392949581,3.0083347041608364,subgoal_reached
4937,4,kinematic_control_D,False,0.05,10,-0.2139873206615448,-0.16368572068646234,subgoal_reached
4947,0,,False,0.05,1,-0.5310033559799194,-0.6310033559799194,base_step
4948,2,kinematic_control_B,False,0.05,5,-0.012710757553577423,-0.11994202846913979,subgoal_reached
4953,4,kinematic_control_D,False,0.05,11,0.3215707540512085,0.12343937140015501,subgoal_reached
4964,0,,False,0.05,1,-1.4465482234954834,-1.5465482234954835,base_step
4965,2,kinematic_control_B,False,0.05,8,-0.20472367107868195,-0.44415584366342353,subgoal_reached
4973,4,kinematic_control_D,False,0.05,11,0.6356313154101372,0.6613177555450261,subgoal_reached
4984,0,,False,0.05,1,-1.3005311489105225,-1.4005311489105225,base_step
4985,2,kinematic_control_B,False,0.05,7,-1.800792157649994,-1.9156090208067034,subgoal_reached
4992,4,kinematic_control_D,True,0.05,11,1.632589891552925,1.7007689936847603,subgoal_reached
5003,2,kinematic_control_B,False,0.05,7,-1.8844519928097725,-1.9936139424940433,subgoal_reached
5010,4,kinematic_control_D,False,0.05,11,0.9749174043536186,0.9573556758636298,subgoal_reached
5021,2,kinematic_control_B,False,0.05,9,-0.9714782238006592,-1.2354584650283835,subgoal_reached
5030,0,,False,0.05,1,1.043964147567749,0.943964147567749,base_step
5031,4,kinematic_control_D,False,0.05,11,-1.3479032814502716,-1.2510535180134958,subgoal_reached
5042,0,,False,0.05,1,-1.334802269935608,-1.434802269935608,base_step
5043,2,kinematic_control_B,False,0.05,7,-0.9651696383953094,-1.1137988245151793,subgoal_reached
5050,4,kinematic_control_D,False,0.05,11,1.1994473785161972,1.2167456868300661,subgoal_reached
5061,2,kinematic_control_B,False,0.05,8,-1.5608820393681526,-1.715958536282983,subgoal_reached
5069,4,kinematic_control_D,False,0.05,11,0.3197828531265259,0.35280605279028643,subgoal_reached
5080,2,kinematic_control_B,False,0.05,8,-1.3748321235179901,-1.5564957723185604,subgoal_reached
5088,4,kinematic_control_D,False,0.05,11,0.8245231509208679,0.8388363548767644,subgoal_reached
5099,0,,False,0.05,1,-1.3226535320281982,-1.4226535320281983,base_step
5100,2,kinematic_control_B,False,0.05,7,-1.6952652856707573,-1.816346068225679,subgoal_reached
5107,4,kinematic_control_D,False,0.05,11,1.2902370393276215,1.3610737269322861,subgoal_reached
5118,2,kinematic_control_B,False,0.05,7,-1.5074564591050148,-1.6219429648968904,subgoal_reached
5125,4,kinematic_control_D,False,0.05,11,0.5372958481311798,0.5220520995716263,subgoal_reached
5136,2,kinematic_control_B,False,0.05,9,-0.5143249109387398,-0.7935186772735167,subgoal_reached
5145,0,,False,0.05,1,0.9646558165550232,0.8646558165550232,base_step
5146,4,kinematic_control_D,False,0.05,11,-1.5305046290159225,-1.440799469120921,subgoal_reached
5157,0,,False,0.05,1,-1.36076021194458,-1.4607602119445802,base_step
5158,2,kinematic_control_B,False,0.05,8,-0.002297036349773407,-0.2171493794427616,subgoal_reached
5166,4,kinematic_control_D,False,0.05,11,-0.2961616590619087,-0.2355851462544273,subgoal_reached
5177,2,kinematic_control_B,False,0.05,9,0.037002794444561005,-0.24549997457884867,subgoal_reached
5186,0,,False,0.05,1,0.6676463484764099,0.5676463484764099,base_step
5187,4,kinematic_control_D,False,0.05,11,-1.925151702016592,-1.8096582747028291,subgoal_reached
5198,2,kinematic_control_B,False,0.05,9,-0.014798253774642944,-0.31322735831791115,subgoal_reached
5207,4,kinematic_control_D,False,0.05,12,-1.5204687267541885,-1.379525010128558,subgoal_reached
5219,2,kinematic_control_B,False,0.05,8,-0.4008029103279114,-0.6205792017733832,subgoal_reached
5227,4,kinematic_control_D,False,0.05,11,0.7297083903104067,0.7481495637280281,subgoal_reached
5238,0,,False,0.05,1,-1.3577005863189697,-1.4577005863189698,base_step
5239,2,kinematic_control_B,False,0.05,8,-1.0371402651071548,-1.2151638924860113,subgoal_reached
5247,4,kinematic_control_D,False,0.05,11,0.3690849170088768,0.4550788170116651,subgoal_reached
5258,2,kinematic_control_B,False,0.05,7,-2.0400217175483704,-2.1226117548002406,subgoal_reached
5265,4,kinematic_control_D,False,0.05,10,1.9243361055850983,1.8567375951093492,subgoal_reached
5275,2,kinematic_control_B,False,0.05,9,-1.3802990913391113,-1.63480670152356,subgoal_reached
5284,0,,False,0.05,1,1.1526180505752563,1.0526180505752563,base_step
5285,4,kinematic_control_D,False,0.05,11,-1.8046244755387306,-1.6616765245292897,subgoal_reached
5296,2,kinematic_control_B,False,0.05,8,-1.1123198047280312,-1.3079314011378909,subgoal_reached
5304,4,kinematic_control_D,False,0.05,12,-0.24312199465930462,-0.09763595759631741,subgoal_reached
5316,2,kinematic_control_B,False,0.05,8,-0.8670675307512283,-1.0469894403815372,subgoal_reached
5324,4,kinematic_control_D,False,0.05,11,0.011680744588375092,0.058455313664594305,subgoal_reached
5335,2,kinematic_control_B,False,0.05,8,-1.1709664389491081,-1.3659927073418232,subgoal_reached
5343,4,kinematic_control_D,False,0.05,12,-0.24550109915435314,-0.10312532216020723,subgoal_reached
5355,2,kinematic_control_B,False,0.05,8,-0.8447383642196655,-1.027908392228571,subgoal_reached
5363,4,kinematic_control_D,False,0.05,11,0.09727345407009125,0.13990363510982515,subgoal_reached
5374,2,kinematic_control_B,True,0.05,8,-1.2317219227552414,-1.4223585780913017,subgoal_reached
5382,4,kinematic_control_D,False,0.05,11,0.9712892174720764,0.9819579503362122,subgoal_reached
5393,0,,False,0.05,1,-1.3210262060165405,-1.4210262060165406,base_step
5394,2,kinematic_control_B,False,0.05,7,-1.9751117527484894,-2.0845975589963515,subgoal_reached
5401,4,kinematic_control_D,False,0.05,11,1.218648910522461,1.3035632485924773,subgoal_reached
5412,2,kinematic_control_B,False,0.05,7,-1.2254967838525772,-1.3452212643151904,subgoal_reached
5419,4,kinematic_control_D,False,0.05,11,0.35262835025787354,0.32316567372492944,subgoal_reached
5430,2,kinematic_control_B,False,0.05,9,-0.371447890996933,-0.6600472792625537,subgoal_reached
5439,0,,False,0.05,1,1.0346816778182983,0.9346816778182984,base_step
5440,4,kinematic_control_D,False,0.05,11,-1.7457137778401375,-1.6452868895853274,subgoal_reached
5451,0,,False,0.05,1,-1.337573528289795,-1.437573528289795,base_step
5452,2,kinematic_control_B,False,0.05,7,-0.7141451761126518,-0.8763451214057536,subgoal_reached
5459,4,kinematic_control_D,False,0.05,11,1.2566004991531372,1.2737065587158618,subgoal_reached
5470,2,kinematic_control_B,False,0.05,8,-1.8004977703094482,-1.944943037271525,subgoal_reached
5478,4,kinematic_control_D,False,0.05,11,0.4006764143705368,0.44276637352270154,subgoal_reached
5489,2,kinematic_control_B,False,0.05,8,-1.2971238419413567,-1.4740923961037937,subgoal_reached
5497,4,kinematic_control_D,False,0.05,11,0.5115741565823555,0.530621028316335,subgoal_reached
5508,0,,False,0.05,1,-1.3038804531097412,-1.4038804531097413,base_step
5509,2,kinematic_control_B,False,0.05,7,-1.20711500197649,-1.3445560931952567,subgoal_reached
5516,4,kinematic_control_D,False,0.05,11,1.2072160430252552,1.2440955010837265,subgoal_reached
5527,2,kinematic_control_B,False,0.05,7,-1.7920593544840813,-1.9110455437823861,subgoal_reached
5534,4,kinematic_control_D,False,0.05,11,1.2550261914730072,1.2279151092018898,subgoal_reached
5545,2,kinematic_control_B,False,0.05,9,-1.3639245927333832,-1.612562229892554,subgoal_reached
5554,0,,False,0.05,1,1.095942735671997,0.9959427356719971,base_step
5555,4,kinematic_control_D,True,0.05,11,-1.2978042513132095,-1.1884393402775655,subgoal_reached
5566,2,kinematic_control_B,False,0.05,8,-1.5095330402255058,-1.6912424717199372,subgoal_reached
5574,1,kinematic_control_A,True,0.05,13,-4.357760444283485,-3.923435989134711,subgoal_reached
5587,4,kinematic_control_D,False,0.05,8,0.9979078844189644,0.7062193712536554,subgoal_reached
5595,0,,False,0.05,1,1.0036017894744873,0.9036017894744873,base_step
5596,0,,False,0.05,1,0.8052400350570679,0.7052400350570679,base_step
5597,0,,False,0.05,1,0.9312101602554321,0.8312101602554322,base_step
5598,2,kinematic_control_B,False,0.05,2,1.5000432133674622,1.3934426677227019,environment_truncated
5600,2,kinematic_control_B,False,0.05,7,4.248024694621563,3.9531461937261043,subgoal_reached
5607,0,,False,0.05,1,0.7048922181129456,0.6048922181129456,base_step
5608,0,,False,0.05,1,-0.22992178797721863,-0.3299217879772186,base_step
5609,0,,False,0.05,1,-0.4925903379917145,-0.5925903379917145,base_step
5610,2,kinematic_control_B,False,0.05,6,0.13171611726284027,-0.007894731774425762,subgoal_reached
5616,0,,False,0.05,1,0.140463724732399,0.04046372473239898,base_step
5617,4,kinematic_control_D,False,0.05,7,-2.271691530942917,-2.3314878572668,subgoal_reached
5624,2,kinematic_control_B,False,0.05,6,-1.1157774776220322,-1.160222485455738,subgoal_reached
5630,4,kinematic_control_D,False,0.05,11,0.9582806527614594,0.552582623161042,subgoal_reached
5641,0,,False,0.05,1,-1.0955206155776978,-1.1955206155776978,base_step
5642,2,kinematic_control_B,False,0.05,8,-1.6998224705457687,-1.842485080603189,subgoal_reached
5650,4,kinematic_control_D,False,0.05,11,0.8617537617683411,0.9588483945157179,subgoal_reached
5661,2,kinematic_control_B,False,0.05,6,-1.6422790586948395,-1.731811085612439,subgoal_reached
5667,4,kinematic_control_D,False,0.05,11,1.193250373005867,1.1040875303171087,subgoal_reached
5678,2,kinematic_control_B,False,0.05,10,-0.023864448070526123,-0.3970245694716942,subgoal_reached
5688,0,,False,0.05,1,0.5830045938491821,0.48300459384918215,base_step
5689,0,,False,0.05,1,-0.43877318501472473,-0.5387731850147247,base_step
5690,0,,False,0.05,1,-0.6577750444412231,-0.7577750444412231,base_step
5691,2,kinematic_control_B,False,0.05,7,0.6560558006167412,0.49666827738052144,subgoal_reached
5698,4,kinematic_control_D,False,0.05,9,-3.258953481912613,-3.3546596705182345,subgoal_reached
5707,0,,False,0.05,1,0.2531526982784271,0.15315269827842712,base_step
5708,0,,False,0.05,1,-0.0017098672688007355,-0.10170986726880074,base_step
5709,2,kinematic_control_B,False,0.05,4,1.2743091881275177,1.1599049357088504,subgoal_reached
5713,4,kinematic_control_D,False,0.05,10,-0.8045102059841156,-1.0497509513008665,subgoal_reached
5723,0,,False,0.05,1,-1.1020020246505737,-1.2020020246505738,base_step
5724,0,,False,0.05,1,-1.062235713005066,-1.162235713005066,base_step
5725,2,kinematic_control_B,False,0.05,7,-1.1918575912714005,-1.305396506135807,subgoal_reached
5732,4,kinematic_control_D,False,0.05,11,0.8363553807139397,0.947107370119978,subgoal_reached
5743,2,kinematic_control_B,False,0.05,6,-1.1867767944931984,-1.2933221695280266,subgoal_reached
5749,4,kinematic_control_D,False,0.05,11,1.5325927566736937,1.4233683628788851,subgoal_reached
5760,2,kinematic_control_B,False,0.05,10,-0.5540623664855957,-0.9131012476969621,subgoal_reached
5770,0,,False,0.05,1,0.773501992225647,0.673501992225647,base_step
5771,0,,False,0.05,1,-0.2343166470527649,-0.33431664705276487,base_step
5772,0,,False,0.05,1,-0.5944860577583313,-0.6944860577583313,base_step
5773,2,kinematic_control_B,False,0.05,7,0.1650063395500183,0.011591560652318922,subgoal_reached
5780,4,kinematic_control_D,False,0.05,8,-3.0587735772132874,-3.1192694026442704,subgoal_reached
5788,0,,True,0.05,1,0.21783596277236938,0.11783596277236938,base_step
5789,2,kinematic_control_B,False,0.05,5,0.9696181192994118,0.8534882959169366,subgoal_reached
5794,4,kinematic_control_D,False,0.05,11,-1.3000791147351265,-1.5510748411255628,subgoal_reached
5805,0,,False,0.05,1,-0.9951676726341248,-1.0951676726341248,base_step
5806,5,kinematic_control_E,True,0.05,5,-3.418564558029175,-3.4460876354179715,subgoal_reached
5811,2,kinematic_control_B,False,0.05,8,3.318520411849022,2.9147784011537055,subgoal_reached
5819,0,,False,0.05,1,0.9059730172157288,0.8059730172157288,base_step
5820,0,,False,0.05,1,-0.03844679892063141,-0.13844679892063141,base_step
5821,0,,False,0.05,1,-0.42561039328575134,-0.5256103932857513,base_step
5822,4,kinematic_control_D,False,0.05,9,-1.0857701003551483,-1.2327994185781066,subgoal_reached
5831,0,,False,0.05,1,-0.7543095946311951,-0.854309594631195,base_step
5832,0,,False,0.05,1,-0.7010436058044434,-0.8010436058044433,base_step
5833,2,kinematic_control_B,False,0.05,5,-1.122725896537304,-1.197359243639409,subgoal_reached
5838,4,kinematic_control_D,False,0.05,10,1.4472153261303902,1.378974178085343,subgoal_reached
5848,5,kinematic_control_E,True,0.05,7,-5.579001173377037,-5.575726604354074,subgoal_reached
5855,2,kinematic_control_B,False,0.05,14,2.681003302335739,2.5964454405364035,subgoal_reached
5869,4,kinematic_control_D,False,0.05,9,0.21110480651259422,0.2605484958283367,subgoal_reached
5878,2,kinematic_control_B,False,0.05,7,-1.401444435119629,-1.5042971539472774,subgoal_reached
5885,4,kinematic_control_D,False,0.05,10,1.678022526204586,1.5821352331770422,subgoal_reached
5895,0,,False,0.05,1,-1.398586392402649,-1.498586392402649,base_step
5896,2,kinematic_control_B,False,0.05,8,-0.686112180352211,-0.8846638770421288,subgoal_reached
5904,4,kinematic_control_D,False,0.05,11,0.06174371391534805,0.10243686193972298,subgoal_reached
5915,2,kinematic_control_B,False,0.05,8,-1.2471101880073547,-1.43717431160532,subgoal_reached
5923,4,kinematic_control_D,False,0.05,11,1.0244662314653397,1.0338129376464997,subgoal_reached
5934,0,,False,0.05,1,-1.3097316026687622,-1.4097316026687623,base_step
5935,2,kinematic_control_B,False,0.05,8,-1.4023671075701714,-1.5518826272689634,subgoal_reached
5943,4,kinematic_control_D,False,0.05,10,1.0428856536746025,1.0510746781431073,subgoal_reached
5953,0,,False,0.05,1,-0.9579164981842041,-1.0579164981842042,base_step
5954,2,kinematic_control_B,False,0.05,14,1.1025980859994888,0.7326556108665,subgoal_reached
5968,0,,False,0.05,1,-0.8583089709281921,-0.9583089709281921,base_step
5969,4,kinematic_control_D,False,0.05,8,-2.0928895846009254,-2.2607958768806977,subgoal_reached
5977,0,,False,0.05,1,0.4401146173477173,0.3401146173477173,base_step
5978,0,,False,0.05,1,-0.0009560100734233856,-0.10095601007342339,base_step
5979,2,kinematic_control_B,False,0.05,5,0.3771352618932724,0.29490676905117896,subgoal_reached
5984,4,kinematic_control_D,False,0.05,10,-0.7726772390305996,-0.9978167049526719,subgoal_reached
5994,0,,False,0.05,1,-1.0028654336929321,-1.1028654336929322,base_step
5995,2,kinematic_control_B,False,0.05,5,-2.3522533178329468,-2.420548808777587,option_timeout
