seed,base_1m_steps,base_1m_return,base_1m_success,base_1m_targets,opt_steps,opt_return,opt_success,opt_targets,opt_decisions,opt_bouts,prim_bouts,bout_option_share
0,363,453.1369979796,True,8,350,456.94370141159743,True,8,307,5,6,0.45454545454545453
1,800,-121.21452589705586,False,2,318,455.8897871840745,True,8,273,6,7,0.46153846153846156
2,800,-127.71978482417762,False,2,280,456.86865196190774,True,8,237,5,6,0.45454545454545453
3,800,-130.2189491437748,False,2,309,454.9390996294096,True,8,257,6,7,0.46153846153846156
4,800,-128.06240847334266,False,2,800,120.78318361286074,False,4,757,7,8,0.4666666666666667
5,800,-124.8874883633107,False,2,311,457.15380590129644,True,8,260,6,6,0.5
6,800,-122.47242029383779,False,2,299,458.9436887355987,True,8,254,6,7,0.46153846153846156
7,800,-120.53974800370634,False,2,363,450.77208797167987,True,8,301,7,7,0.5
8,800,-115.24272089451551,False,2,445,451.14633242134005,True,8,377,9,9,0.5
9,800,-118.98870219942182,False,2,276,458.6758546670899,True,8,241,4,5,0.4444444444444444
10,800,-132.1549222767353,False,2,325,456.2508499091491,True,8,275,6,7,0.46153846153846156
11,800,-127.28106765076518,False,2,313,454.72272561956197,True,8,267,6,7,0.46153846153846156
12,800,-124.94175469782203,False,2,271,454.86600415501744,True,8,231,5,6,0.45454545454545453
13,800,-124.79354717303067,False,2,319,458.39712345879525,True,8,272,6,7,0.46153846153846156
14,800,-124.51780793070793,False,2,548,450.86391672771424,True,8,491,8,9,0.47058823529411764
15,800,-115.21865273453295,False,2,582,444.05890226364136,True,8,504,10,10,0.5
16,800,-126.06427092291415,False,2,354,454.4272499764338,True,8,300,7,8,0.4666666666666667
17,800,-129.6715186117217,False,2,337,455.55870078410953,True,8,290,6,7,0.46153846153846156
18,287,457.85986891621724,True,8,800,120.30532530369237,False,4,758,7,8,0.4666666666666667
19,800,-132.98050736635923,False,2,314,458.30699734855443,True,8,273,5,6,0.45454545454545453
